"text","favorited","favoriteCount","replyToSN","created","truncated","replyToSID","id","replyToUID","statusSource","screenName","retweetCount","isRetweet","retweeted","longitude","latitude"
"People who watch reaction videos on YouTube are weird. You subscribed to watch someone, watch/react to something you could've just watched..",FALSE,0,NA,2018-01-23 02:27:53,FALSE,NA,"955628123206270977",NA,"<a href=""http://twitter.com/download/android"" rel=""nofollow"">Twitter for Android</a>","Skylar_Emelio",0,FALSE,FALSE,NA,NA
"RT @MunroeBergdorf: I say marketing strategy because that is exactly what this is. These brands KNOW exactly what they are doing when they・",FALSE,0,NA,2018-01-23 02:27:51,FALSE,NA,"955628113878282240",NA,"<a href=""http://twitter.com/download/android"" rel=""nofollow"">Twitter for Android</a>","simbaleonumber2",29,TRUE,FALSE,NA,NA
"I¨m also scared, cause I don¨t know how I¨d react. I¨m scared and worried for the shawols.",FALSE,0,"minaminawill",2018-01-23 02:27:45,FALSE,"955628083524009986","955628086615269377","3144306976","<a href=""http://twitter.com/download/iphone"" rel=""nofollow"">Twitter for iPhone</a>","minaminawill",0,FALSE,FALSE,NA,NA
"1) How you think women react reading your douchey comment.

2) How women react reading your douchey comment. https://t.co/q4mbZhLwnD",FALSE,0,NA,2018-01-23 02:27:43,FALSE,NA,"955628077542985729",NA,"<a href=""http://twitter.com/download/android"" rel=""nofollow"">Twitter for Android</a>","Social_Mime",0,FALSE,FALSE,NA,NA
"This I disagree with: when McConnell goes rope-a-dope, Schumer will not react like Flake and Collins. It will be al・ https://t.co/MZJ7lTIIVX",FALSE,0,NA,2018-01-23 02:27:42,TRUE,NA,"955628074007015424",NA,"<a href=""http://twitter.com/#!/download/ipad"" rel=""nofollow"">Twitter for iPad</a>","spgleitlaw",0,FALSE,FALSE,NA,NA
"RT @TheyCallMeDSP: People ask me all the time why I cannot get sponsorship like other online gamers. This is why: I'm stalked by obsessed,・",FALSE,0,NA,2018-01-23 02:27:35,FALSE,NA,"955628045318094849",NA,"<a href=""http://twitter.com"" rel=""nofollow"">Twitter Web Client</a>","lilwoot_",6,TRUE,FALSE,NA,NA
"RT @kbikoff: The Hoosiers React: Maryland https://t.co/vX4gmmuCQl via @peegs #IUBB",FALSE,0,NA,2018-01-23 02:27:25,FALSE,NA,"955628002926366720",NA,"<a href=""http://twitter.com"" rel=""nofollow"">Twitter Web Client</a>","JeffRabjohns",1,TRUE,FALSE,NA,NA
"New GIF tagged game, reaction, season 3, horror, excited, what, games, crazy, friday, confused, celebrate, twitch,・ https://t.co/p2IGqAIbd6",FALSE,0,NA,2018-01-23 02:27:24,TRUE,NA,"955628000275521536",NA,"<a href=""https://ifttt.com"" rel=""nofollow"">IFTTT</a>","Bash_official_",0,FALSE,FALSE,NA,NA
"New GIF tagged game, reaction, season 3, horror, excited, yes, games, friday, magic, sweet, nice, good, celebrate,・ https://t.co/s3YDAWpFpq",FALSE,0,NA,2018-01-23 02:27:24,TRUE,NA,"955627997947662338",NA,"<a href=""https://ifttt.com"" rel=""nofollow"">IFTTT</a>","Bash_official_",0,FALSE,FALSE,NA,NA
"RT @exo_sexo: I think I should say this because I know it will happen.

If you're a reactor and you plan to react to Jonghyun's album that・",FALSE,0,NA,2018-01-23 02:27:23,FALSE,NA,"955627996827840512",NA,"<a href=""http://twitter.com/download/android"" rel=""nofollow"">Twitter for Android</a>","ztshn",70,TRUE,FALSE,NA,NA
"New GIF tagged game, reaction, happy, season 3, horror, smile, cool, wow, games, friday, sweet, nice, twitch, smili・ https://t.co/mlHCHn3RfB",FALSE,0,NA,2018-01-23 02:27:23,TRUE,NA,"955627996299317248",NA,"<a href=""https://ifttt.com"" rel=""nofollow"">IFTTT</a>","Bash_official_",0,FALSE,FALSE,NA,NA
"New GIF tagged game, reaction, season 3, horror, yes, games, friday, yeah, sweet, nice, good, celebrate, awesome, y・ https://t.co/0nVSF4gJFi",FALSE,0,NA,2018-01-23 02:27:23,TRUE,NA,"955627994206425088",NA,"<a href=""https://ifttt.com"" rel=""nofollow"">IFTTT</a>","Bash_official_",0,FALSE,FALSE,NA,NA
"New GIF tagged game, reaction, season 3, fun, horror, excited, cool, games, friday, yeah, sweet, nice, good, celebr・ https://t.co/TXgt65rQUq",FALSE,0,NA,2018-01-23 02:27:22,TRUE,NA,"955627992415457280",NA,"<a href=""https://ifttt.com"" rel=""nofollow"">IFTTT</a>","Bash_official_",0,FALSE,FALSE,NA,NA
"New GIF tagged game, reaction, season 3, horror, wow, games, friday, yeah, celebrate, yay, twitch, rpg, pc, great,・ https://t.co/iBPDSB1LWV",FALSE,0,NA,2018-01-23 02:27:22,TRUE,NA,"955627990435729408",NA,"<a href=""https://ifttt.com"" rel=""nofollow"">IFTTT</a>","Bash_official_",0,FALSE,FALSE,NA,NA
"New GIF tagged game, reaction, season 3, horror, no, angry, games, omg, friday, fuck, magic, upset, rose, twitch, s・ https://t.co/yApC5pODUk",FALSE,0,NA,2018-01-23 02:27:21,TRUE,NA,"955627988317605888",NA,"<a href=""https://ifttt.com"" rel=""nofollow"">IFTTT</a>","Bash_official_",0,FALSE,FALSE,NA,NA
"New GIF tagged game, reaction, season 3, horror, no, what, games, friday, fuck, magic, rose, twitch, shit, rpg, pc,・ https://t.co/Slp4qgXC1a",FALSE,0,NA,2018-01-23 02:27:21,TRUE,NA,"955627986547593216",NA,"<a href=""https://ifttt.com"" rel=""nofollow"">IFTTT</a>","Bash_official_",0,FALSE,FALSE,NA,NA
"New GIF tagged , game, reaction, season 3, horror, no, what, games, friday, magic, look, rose, twitch, shit, rpg, p・ https://t.co/tOb67A5oQx",FALSE,0,NA,2018-01-23 02:27:20,TRUE,NA,"955627984207208454",NA,"<a href=""https://ifttt.com"" rel=""nofollow"">IFTTT</a>","Bash_official_",0,FALSE,FALSE,NA,NA
"New GIF tagged , game, reaction, season 3, horror, no, games, friday, fuck, magic, upset, nope, rose, twitch, shit,・ https://t.co/AFlZBBk9no",FALSE,0,NA,2018-01-23 02:27:20,TRUE,NA,"955627982206504960",NA,"<a href=""https://ifttt.com"" rel=""nofollow"">IFTTT</a>","Bash_official_",0,FALSE,FALSE,NA,NA
"New GIF tagged , game, reaction, season 3, horror, what, games, friday, fuck, upset, twitch, shit, rpg, pc, great,・ https://t.co/sdYSRpdlsi",FALSE,0,NA,2018-01-23 02:27:19,TRUE,NA,"955627980272922624",NA,"<a href=""https://ifttt.com"" rel=""nofollow"">IFTTT</a>","Bash_official_",0,FALSE,FALSE,NA,NA
"New GIF tagged , game, reaction, season 3, horror, smile, games, friday, twitch, smiling, silly, rpg, react, oh my・ https://t.co/iVdXvykjY0",FALSE,0,NA,2018-01-23 02:27:19,TRUE,NA,"955627978305757185",NA,"<a href=""https://ifttt.com"" rel=""nofollow"">IFTTT</a>","Bash_official_",0,FALSE,FALSE,NA,NA
"New GIF tagged , game, reaction, season 3, horror, smile, what, games, friday, surprise, twitch, smiling, silly, rp・ https://t.co/ZYPFMUbz4J",FALSE,0,NA,2018-01-23 02:27:18,TRUE,NA,"955627976623869953",NA,"<a href=""https://ifttt.com"" rel=""nofollow"">IFTTT</a>","Bash_official_",0,FALSE,FALSE,NA,NA
"New GIF tagged game, reaction, season 3, horror, games, friday, twitch, rpg, react, western, jordan, west, cowboy,・ https://t.co/zeTGVoKsg0",FALSE,0,NA,2018-01-23 02:27:18,TRUE,NA,"955627974606446597",NA,"<a href=""https://ifttt.com"" rel=""nofollow"">IFTTT</a>","Bash_official_",0,FALSE,FALSE,NA,NA
"New GIF tagged game, reaction, season 3, horror, wow, what, games, friday, twitch, rpg, whoa, react, huh, western,・ https://t.co/6XumCKRmNq",FALSE,0,NA,2018-01-23 02:27:18,TRUE,NA,"955627972916105216",NA,"<a href=""https://ifttt.com"" rel=""nofollow"">IFTTT</a>","Bash_official_",0,FALSE,FALSE,NA,NA
"New GIF tagged game, reaction, season 3, horror, yes, what, games, friday, twitch, rpg, fighting, react, really, we・ https://t.co/KaM18RPZ51",FALSE,0,NA,2018-01-23 02:27:17,TRUE,NA,"955627971125051397",NA,"<a href=""https://ifttt.com"" rel=""nofollow"">IFTTT</a>","Bash_official_",0,FALSE,FALSE,NA,NA
"RT @JoeJohnsonIce: @ the very young child in that ＾kids react to Trump¨s first year in office￣ video who said that Trump has done an excell・",FALSE,0,NA,2018-01-23 02:27:17,FALSE,NA,"955627969849958400",NA,"<a href=""http://twitter.com/download/iphone"" rel=""nofollow"">Twitter for iPhone</a>","Easyinsperation",60,TRUE,FALSE,NA,NA
"New GIF tagged , game, reaction, season 3, horror, games, friday, magic, rose, twitch, thank you, rpg, thanks, welc・ https://t.co/Y9V8ygE5xu",FALSE,0,NA,2018-01-23 02:27:17,TRUE,NA,"955627969422286848",NA,"<a href=""https://ifttt.com"" rel=""nofollow"">IFTTT</a>","Bash_official_",0,FALSE,FALSE,NA,NA
"New GIF tagged , game, reaction, season 3, horror, excited, games, friday, yeah, magic, rose, yay, twitch, rpg, cla・ https://t.co/82iTAEWnno",FALSE,0,NA,2018-01-23 02:27:16,TRUE,NA,"955627967174070272",NA,"<a href=""https://ifttt.com"" rel=""nofollow"">IFTTT</a>","Bash_official_",0,FALSE,FALSE,NA,NA
"RT @chooses: Do you ever tell someone something and they don't react the way you wanted them to react and you immediately regret ever openi・",FALSE,0,NA,2018-01-23 02:27:15,FALSE,NA,"955627960236740608",NA,"<a href=""https://about.twitter.com/products/tweetdeck"" rel=""nofollow"">TweetDeck</a>","shriekpoems",989,TRUE,FALSE,NA,NA
"RT @chooses: Do you ever tell someone something and they don't react the way you wanted them to react and you immediately regret ever openi・",FALSE,0,NA,2018-01-23 02:27:14,FALSE,NA,"955627957741113344",NA,"<a href=""https://about.twitter.com/products/tweetdeck"" rel=""nofollow"">TweetDeck</a>","ItsPartyyOmo",989,TRUE,FALSE,NA,NA
"RT @chooses: Do you ever tell someone something and they don't react the way you wanted them to react and you immediately regret ever openi・",FALSE,0,NA,2018-01-23 02:27:14,FALSE,NA,"955627956164026369",NA,"<a href=""https://about.twitter.com/products/tweetdeck"" rel=""nofollow"">TweetDeck</a>","imply",989,TRUE,FALSE,NA,NA
"RT @chooses: Do you ever tell someone something and they don't react the way you wanted them to react and you immediately regret ever openi・",FALSE,0,NA,2018-01-23 02:27:13,FALSE,NA,"955627954599493633",NA,"<a href=""https://about.twitter.com/products/tweetdeck"" rel=""nofollow"">TweetDeck</a>","NeonFeelings",989,TRUE,FALSE,NA,NA
"RT @chooses: Do you ever tell someone something and they don't react the way you wanted them to react and you immediately regret ever openi・",FALSE,0,NA,2018-01-23 02:27:13,FALSE,NA,"955627952863105024",NA,"<a href=""https://about.twitter.com/products/tweetdeck"" rel=""nofollow"">TweetDeck</a>","sh6wty",989,TRUE,FALSE,NA,NA
"RT @JoeJohnsonIce: @ the very young child in that ＾kids react to Trump¨s first year in office￣ video who said that Trump has done an excell・",FALSE,0,NA,2018-01-23 02:27:12,FALSE,NA,"955627951382548481",NA,"<a href=""http://twitter.com/download/android"" rel=""nofollow"">Twitter for Android</a>","LilMiss_JJ",60,TRUE,FALSE,NA,NA
"RT @exo_sexo: I think I should say this because I know it will happen.

If you're a reactor and you plan to react to Jonghyun's album that・",FALSE,0,NA,2018-01-23 02:27:12,FALSE,NA,"955627949574819841",NA,"<a href=""http://twitter.com/download/android"" rel=""nofollow"">Twitter for Android</a>","PameMndez",70,TRUE,FALSE,NA,NA
"RT @chooses: Do you ever tell someone something and they don't react the way you wanted them to react and you immediately regret ever openi・",FALSE,0,NA,2018-01-23 02:27:12,FALSE,NA,"955627947544768513",NA,"<a href=""https://about.twitter.com/products/tweetdeck"" rel=""nofollow"">TweetDeck</a>","scenicvibe",989,TRUE,FALSE,NA,NA
"RT @chooses: Do you ever tell someone something and they don't react the way you wanted them to react and you immediately regret ever openi・",FALSE,0,NA,2018-01-23 02:27:11,FALSE,NA,"955627944294174721",NA,"<a href=""https://about.twitter.com/products/tweetdeck"" rel=""nofollow"">TweetDeck</a>","praises",989,TRUE,FALSE,NA,NA
"RT @chooses: Do you ever tell someone something and they don't react the way you wanted them to react and you immediately regret ever openi・",FALSE,0,NA,2018-01-23 02:27:10,FALSE,NA,"955627942654115840",NA,"<a href=""https://about.twitter.com/products/tweetdeck"" rel=""nofollow"">TweetDeck</a>","ONHERPERlOD",989,TRUE,FALSE,NA,NA
"The Hoosiers React: Maryland https://t.co/vX4gmmuCQl via @peegs #IUBB",FALSE,0,NA,2018-01-23 02:27:10,FALSE,NA,"955627940628353024",NA,"<a href=""http://twitter.com"" rel=""nofollow"">Twitter Web Client</a>","kbikoff",1,FALSE,FALSE,NA,NA
"RT @ccamilapics: HER REACT, LMAO <ed><U+00A0><U+00BD><ed><U+00B8><U+0082> https://t.co/N8P8c6pKIH",FALSE,0,NA,2018-01-23 02:27:10,FALSE,NA,"955627939491704832",NA,"<a href=""http://twitter.com/download/android"" rel=""nofollow"">Twitter for Android</a>","kccravenclaws",169,TRUE,FALSE,NA,NA
"RT @exo_sexo: I think I should say this because I know it will happen.

If you're a reactor and you plan to react to Jonghyun's album that・",FALSE,0,NA,2018-01-23 02:27:08,FALSE,NA,"955627933871173633",NA,"<a href=""http://twitter.com"" rel=""nofollow"">Twitter Web Client</a>","smolSoondae",70,TRUE,FALSE,NA,NA
"RT @maylovestrixxie: CoPple scene by the pool. @Barber_Edward_ @maymayentrata07 

REACT. COMMENT. SHARE the FB post. 

Link: https://t.co/o・",FALSE,0,NA,2018-01-23 02:27:04,FALSE,NA,"955627917156876288",NA,"<a href=""http://twitter.com/#!/download/ipad"" rel=""nofollow"">Twitter for iPad</a>","seanmarkybunyi1",46,TRUE,FALSE,NA,NA
"@GameOverGreggy Just placed the final order for it today. Very interested to see how readers react.",FALSE,0,"GameOverGreggy",2018-01-23 02:27:04,FALSE,"955474496470831104","955627914917183488","62593760","<a href=""http://twitter.com/download/android"" rel=""nofollow"">Twitter for Android</a>","therealmrdude",0,FALSE,FALSE,NA,NA
"Hmm so since The Miz won his 8th #ICTitle (AWESOME) this most likely means that Roman Reigns is winning the・ https://t.co/9gok5TrSdO",FALSE,1,NA,2018-01-23 02:27:00,TRUE,NA,"955627900216233984",NA,"<a href=""http://twitter.com/download/android"" rel=""nofollow"">Twitter for Android</a>","JamesTweetsWWE",0,FALSE,FALSE,NA,NA
"RT @fbOpenSource: We figured it was long past time create-react-app, one of our most popular projects, graduates from our open source incub・",FALSE,0,NA,2018-01-23 02:27:00,FALSE,NA,"955627899607904256",NA,"<a href=""http://twitter.com/download/android"" rel=""nofollow"">Twitter for Android</a>","jokeyrhyme",91,TRUE,FALSE,NA,NA
"RT @exo_sexo: I think I should say this because I know it will happen.

If you're a reactor and you plan to react to Jonghyun's album that・",FALSE,0,NA,2018-01-23 02:26:58,FALSE,NA,"955627889826979840",NA,"<a href=""http://twitter.com/download/iphone"" rel=""nofollow"">Twitter for iPhone</a>","EXOSunshine497",70,TRUE,FALSE,NA,NA
"RT @exo_sexo: I think I should say this because I know it will happen.

If you're a reactor and you plan to react to Jonghyun's album that・",FALSE,0,NA,2018-01-23 02:26:56,FALSE,NA,"955627882398625792",NA,"<a href=""http://twitter.com/download/iphone"" rel=""nofollow"">Twitter for iPhone</a>","getityixing1",70,TRUE,FALSE,NA,NA
"RT @JoeJohnsonIce: @ the very young child in that ＾kids react to Trump¨s first year in office￣ video who said that Trump has done an excell・",FALSE,0,NA,2018-01-23 02:26:52,FALSE,NA,"955627865499947008",NA,"<a href=""http://twitter.com/download/android"" rel=""nofollow"">Twitter for Android</a>","gasonmyhands",60,TRUE,FALSE,NA,NA
"RT @TheyCallMeDSP: People ask me all the time why I cannot get sponsorship like other online gamers. This is why: I'm stalked by obsessed,・",FALSE,0,NA,2018-01-23 02:26:51,FALSE,NA,"955627859674107907",NA,"<a href=""http://twitter.com/download/iphone"" rel=""nofollow"">Twitter for iPhone</a>","Tatetime",6,TRUE,FALSE,NA,NA
"RT @exo_sexo: I think I should say this because I know it will happen.

If you're a reactor and you plan to react to Jonghyun's album that・",FALSE,0,NA,2018-01-23 02:26:49,FALSE,NA,"955627854871511045",NA,"<a href=""http://twitter.com/#!/download/ipad"" rel=""nofollow"">Twitter for iPad</a>","exoplendid",70,TRUE,FALSE,NA,NA
"RT @exo_sexo: I think I should say this because I know it will happen.

If you're a reactor and you plan to react to Jonghyun's album that・",FALSE,0,NA,2018-01-23 02:26:48,FALSE,NA,"955627847774756864",NA,"<a href=""http://twitter.com/download/iphone"" rel=""nofollow"">Twitter for iPhone</a>","xiuaries",70,TRUE,FALSE,NA,NA
"@dpreston2020 @Rosie @BoeingAirplanes @BoycottBoeing Yes-who would know best about the others that are let in among・ https://t.co/mQeLj7o94u",FALSE,0,"dpreston2020",2018-01-23 02:26:47,TRUE,"955625747493916672","955627846243930112","54302353","<a href=""http://twitter.com/download/iphone"" rel=""nofollow"">Twitter for iPhone</a>","2EPNola",0,FALSE,FALSE,NA,NA
"Video: IU players react to win over Maryland https://t.co/uJyQN8r19W #iubb via @insidethehall",FALSE,0,NA,2018-01-23 02:26:46,FALSE,NA,"955627838455021570",NA,"<a href=""https://zapier.com/"" rel=""nofollow"">Zapier.com</a>","insidethehall",0,FALSE,FALSE,NA,NA
"RT @ultkmj: i hope that people will respect other people¨s feelings when jjong¨s album and mv come out. remember, people react in different・",FALSE,0,NA,2018-01-23 02:26:45,FALSE,NA,"955627836328628224",NA,"<a href=""http://twitter.com/download/iphone"" rel=""nofollow"">Twitter for iPhone</a>","softtwice",37,TRUE,FALSE,NA,NA
"RT @exo_sexo: I think I should say this because I know it will happen.

If you're a reactor and you plan to react to Jonghyun's album that・",FALSE,0,NA,2018-01-23 02:26:44,FALSE,NA,"955627832696188928",NA,"<a href=""http://twitter.com/download/iphone"" rel=""nofollow"">Twitter for iPhone</a>","AnitaMS_",70,TRUE,FALSE,NA,NA
"RT @exo_sexo: I think I should say this because I know it will happen.

If you're a reactor and you plan to react to Jonghyun's album that・",FALSE,0,NA,2018-01-23 02:26:38,FALSE,NA,"955627808524525568",NA,"<a href=""http://twitter.com/download/iphone"" rel=""nofollow"">Twitter for iPhone</a>","ChogiHun",70,TRUE,FALSE,NA,NA
"New GIF tagged game, reaction, season 3, horror, excited, what, games, crazy, friday, confused, celebrate, twitch,・ https://t.co/fYm7ZuFcPW",FALSE,0,NA,2018-01-23 02:26:37,TRUE,NA,"955627800836403200",NA,"<a href=""https://ifttt.com"" rel=""nofollow"">IFTTT</a>","CoaaApp",0,FALSE,FALSE,NA,NA
"RT @exo_sexo: I think I should say this because I know it will happen.

If you're a reactor and you plan to react to Jonghyun's album that・",FALSE,0,NA,2018-01-23 02:26:36,FALSE,NA,"955627800471441408",NA,"<a href=""http://twitter.com/download/android"" rel=""nofollow"">Twitter for Android</a>","_hamtaero",70,TRUE,FALSE,NA,NA
"New GIF tagged game, reaction, season 3, horror, excited, yes, games, friday, magic, sweet, nice, good, celebrate,・ https://t.co/As7Rw4Jpr7",FALSE,0,NA,2018-01-23 02:26:36,TRUE,NA,"955627799099990016",NA,"<a href=""https://ifttt.com"" rel=""nofollow"">IFTTT</a>","CoaaApp",0,FALSE,FALSE,NA,NA
"New GIF tagged game, reaction, happy, season 3, horror, smile, cool, wow, games, friday, sweet, nice, twitch, smili・ https://t.co/a3ztTfSPSq",FALSE,0,NA,2018-01-23 02:26:36,TRUE,NA,"955627796574896129",NA,"<a href=""https://ifttt.com"" rel=""nofollow"">IFTTT</a>","CoaaApp",0,FALSE,FALSE,NA,NA
"RT @angeltangled: Today jonghyun's mv will be out and this going to be the last goodbye i dont really now how im going to react watching th・",FALSE,0,NA,2018-01-23 02:26:35,FALSE,NA,"955627796268797952",NA,"<a href=""http://twitter.com/download/android"" rel=""nofollow"">Twitter for Android</a>","leeminyukie",104,TRUE,FALSE,NA,NA
"New GIF tagged game, reaction, season 3, horror, yes, games, friday, yeah, sweet, nice, good, celebrate, awesome, y・ https://t.co/rJDJLt28BU",FALSE,0,NA,2018-01-23 02:26:35,TRUE,NA,"955627794423341057",NA,"<a href=""https://ifttt.com"" rel=""nofollow"">IFTTT</a>","CoaaApp",0,FALSE,FALSE,NA,NA
"New GIF tagged game, reaction, season 3, fun, horror, excited, cool, games, friday, yeah, sweet, nice, good, celebr・ https://t.co/csrE8C6icx",FALSE,0,NA,2018-01-23 02:26:35,TRUE,NA,"955627792640638976",NA,"<a href=""https://ifttt.com"" rel=""nofollow"">IFTTT</a>","CoaaApp",0,FALSE,FALSE,NA,NA
"RT @Questscribe: Talking is a free action and not restricted to your turn, so react to things as they happen; insult the foe that hits you,・",FALSE,0,NA,2018-01-23 02:26:34,FALSE,NA,"955627791277576192",NA,"<a href=""http://twitter.com/download/android"" rel=""nofollow"">Twitter for Android</a>","aceroguezintiel",13,TRUE,FALSE,NA,NA
"New GIF tagged game, reaction, season 3, horror, wow, games, friday, yeah, celebrate, yay, twitch, rpg, pc, great,・ https://t.co/ltSDwgjrax",FALSE,0,NA,2018-01-23 02:26:34,TRUE,NA,"955627790426091520",NA,"<a href=""https://ifttt.com"" rel=""nofollow"">IFTTT</a>","CoaaApp",0,FALSE,FALSE,NA,NA
"RT @ultkmj: i hope that people will respect other people¨s feelings when jjong¨s album and mv come out. remember, people react in different・",FALSE,0,NA,2018-01-23 02:26:34,FALSE,NA,"955627790010691584",NA,"<a href=""http://twitter.com/download/android"" rel=""nofollow"">Twitter for Android</a>","rocket_mp4",37,TRUE,FALSE,NA,NA
"New GIF tagged game, reaction, season 3, horror, no, angry, games, omg, friday, fuck, magic, upset, rose, twitch, s・ https://t.co/ItYvhSdKv4",FALSE,0,NA,2018-01-23 02:26:34,TRUE,NA,"955627788425465860",NA,"<a href=""https://ifttt.com"" rel=""nofollow"">IFTTT</a>","CoaaApp",0,FALSE,FALSE,NA,NA
"New GIF tagged game, reaction, season 3, horror, no, what, games, friday, fuck, magic, rose, twitch, shit, rpg, pc,・ https://t.co/b5j75QwPQX",FALSE,0,NA,2018-01-23 02:26:33,TRUE,NA,"955627786592497665",NA,"<a href=""https://ifttt.com"" rel=""nofollow"">IFTTT</a>","CoaaApp",0,FALSE,FALSE,NA,NA
"New GIF tagged , game, reaction, season 3, horror, no, what, games, friday, magic, look, rose, twitch, shit, rpg, p・ https://t.co/Cpxpt7JwHa",FALSE,0,NA,2018-01-23 02:26:33,TRUE,NA,"955627784881299457",NA,"<a href=""https://ifttt.com"" rel=""nofollow"">IFTTT</a>","CoaaApp",0,FALSE,FALSE,NA,NA
"New GIF tagged , game, reaction, season 3, horror, no, games, friday, fuck, magic, upset, nope, rose, twitch, shit,・ https://t.co/YWeyXq8bY3",FALSE,0,NA,2018-01-23 02:26:32,TRUE,NA,"955627782985453570",NA,"<a href=""https://ifttt.com"" rel=""nofollow"">IFTTT</a>","CoaaApp",0,FALSE,FALSE,NA,NA
"New GIF tagged , game, reaction, season 3, horror, what, games, friday, fuck, upset, twitch, shit, rpg, pc, great,・ https://t.co/xGLRXMZOci",FALSE,0,NA,2018-01-23 02:26:32,TRUE,NA,"955627780917653507",NA,"<a href=""https://ifttt.com"" rel=""nofollow"">IFTTT</a>","CoaaApp",0,FALSE,FALSE,NA,NA
"New GIF tagged , game, reaction, season 3, horror, smile, games, friday, twitch, smiling, silly, rpg, react, oh my・ https://t.co/S2kVBR2lxf",FALSE,0,NA,2018-01-23 02:26:31,TRUE,NA,"955627778979913728",NA,"<a href=""https://ifttt.com"" rel=""nofollow"">IFTTT</a>","CoaaApp",0,FALSE,FALSE,NA,NA
"RT @StylezBoogiee: It is not necessary to react to everything you notice.",FALSE,0,NA,2018-01-23 02:26:31,FALSE,NA,"955627777792888835",NA,"<a href=""http://twitter.com/download/android"" rel=""nofollow"">Twitter for Android</a>","SincerelyMattox",1386,TRUE,FALSE,NA,NA
"New GIF tagged , game, reaction, season 3, horror, smile, what, games, friday, surprise, twitch, smiling, silly, rp・ https://t.co/w32cr1DFRJ",FALSE,0,NA,2018-01-23 02:26:31,TRUE,NA,"955627776903663616",NA,"<a href=""https://ifttt.com"" rel=""nofollow"">IFTTT</a>","CoaaApp",0,FALSE,FALSE,NA,NA
"New GIF tagged game, reaction, season 3, horror, excited, what, games, crazy, friday, confused, celebrate, twitch,・ https://t.co/PiKTHZOjPC",FALSE,0,NA,2018-01-23 02:26:31,TRUE,NA,"955627776601595904",NA,"<a href=""https://ifttt.com"" rel=""nofollow"">IFTTT</a>","RyanMPriest",0,FALSE,FALSE,NA,NA
"New GIF tagged game, reaction, season 3, horror, games, friday, twitch, rpg, react, western, jordan, west, cowboy,・ https://t.co/BkMHhRXHma",FALSE,0,NA,2018-01-23 02:26:30,TRUE,NA,"955627774630383616",NA,"<a href=""https://ifttt.com"" rel=""nofollow"">IFTTT</a>","CoaaApp",0,FALSE,FALSE,NA,NA
"New GIF tagged game, reaction, season 3, horror, excited, yes, games, friday, magic, sweet, nice, good, celebrate,・ https://t.co/TJ0JHtiHw1",FALSE,0,NA,2018-01-23 02:26:30,TRUE,NA,"955627774219313154",NA,"<a href=""https://ifttt.com"" rel=""nofollow"">IFTTT</a>","RyanMPriest",0,FALSE,FALSE,NA,NA
"New GIF tagged game, reaction, season 3, horror, wow, what, games, friday, twitch, rpg, whoa, react, huh, western,・ https://t.co/kx59LX5mbt",FALSE,0,NA,2018-01-23 02:26:30,TRUE,NA,"955627772575133696",NA,"<a href=""https://ifttt.com"" rel=""nofollow"">IFTTT</a>","CoaaApp",0,FALSE,FALSE,NA,NA
"New GIF tagged game, reaction, happy, season 3, horror, smile, cool, wow, games, friday, sweet, nice, twitch, smili・ https://t.co/turJWrUNEK",FALSE,0,NA,2018-01-23 02:26:30,TRUE,NA,"955627772294115328",NA,"<a href=""https://ifttt.com"" rel=""nofollow"">IFTTT</a>","RyanMPriest",0,FALSE,FALSE,NA,NA
"New GIF tagged game, reaction, season 3, horror, yes, what, games, friday, twitch, rpg, fighting, react, really, we・ https://t.co/n9Mzv49fvE",FALSE,0,NA,2018-01-23 02:26:29,TRUE,NA,"955627770540908545",NA,"<a href=""https://ifttt.com"" rel=""nofollow"">IFTTT</a>","CoaaApp",0,FALSE,FALSE,NA,NA
"New GIF tagged game, reaction, season 3, horror, yes, games, friday, yeah, sweet, nice, good, celebrate, awesome, y・ https://t.co/6eVlvB9dIr",FALSE,0,NA,2018-01-23 02:26:29,TRUE,NA,"955627770138255360",NA,"<a href=""https://ifttt.com"" rel=""nofollow"">IFTTT</a>","RyanMPriest",0,FALSE,FALSE,NA,NA
"New GIF tagged , game, reaction, season 3, horror, games, friday, magic, rose, twitch, thank you, rpg, thanks, welc・ https://t.co/50bOjszP6r",FALSE,0,NA,2018-01-23 02:26:29,TRUE,NA,"955627768259268608",NA,"<a href=""https://ifttt.com"" rel=""nofollow"">IFTTT</a>","CoaaApp",0,FALSE,FALSE,NA,NA
"New GIF tagged game, reaction, season 3, fun, horror, excited, cool, games, friday, yeah, sweet, nice, good, celebr・ https://t.co/tzmX9x6kpb",FALSE,0,NA,2018-01-23 02:26:29,TRUE,NA,"955627768158486530",NA,"<a href=""https://ifttt.com"" rel=""nofollow"">IFTTT</a>","RyanMPriest",0,FALSE,FALSE,NA,NA
"New GIF tagged game, reaction, season 3, horror, excited, what, games, crazy, friday, confused, celebrate, twitch,・ https://t.co/N3VAAKZubH",FALSE,0,NA,2018-01-23 02:26:29,TRUE,NA,"955627767487455243",NA,"<a href=""https://ifttt.com"" rel=""nofollow"">IFTTT</a>","charsfavorite",0,FALSE,FALSE,NA,NA
"New GIF tagged game, reaction, season 3, horror, wow, games, friday, yeah, celebrate, yay, twitch, rpg, pc, great,・ https://t.co/ktH6gyAgdr",FALSE,0,NA,2018-01-23 02:26:28,TRUE,NA,"955627766317309952",NA,"<a href=""https://ifttt.com"" rel=""nofollow"">IFTTT</a>","RyanMPriest",0,FALSE,FALSE,NA,NA
"New GIF tagged , game, reaction, season 3, horror, excited, games, friday, yeah, magic, rose, yay, twitch, rpg, cla・ https://t.co/jwrTr8r4R4",FALSE,0,NA,2018-01-23 02:26:28,TRUE,NA,"955627766082342912",NA,"<a href=""https://ifttt.com"" rel=""nofollow"">IFTTT</a>","CoaaApp",0,FALSE,FALSE,NA,NA
"New GIF tagged game, reaction, season 3, horror, excited, yes, games, friday, magic, sweet, nice, good, celebrate,・ https://t.co/YDBho5j3zz",FALSE,0,NA,2018-01-23 02:26:28,TRUE,NA,"955627765813972992",NA,"<a href=""https://ifttt.com"" rel=""nofollow"">IFTTT</a>","charsfavorite",0,FALSE,FALSE,NA,NA
"New GIF tagged game, reaction, happy, season 3, horror, smile, cool, wow, games, friday, sweet, nice, twitch, smili・ https://t.co/2nu6cU4Uzw",FALSE,0,NA,2018-01-23 02:26:28,TRUE,NA,"955627763876225024",NA,"<a href=""https://ifttt.com"" rel=""nofollow"">IFTTT</a>","charsfavorite",0,FALSE,FALSE,NA,NA
"New GIF tagged game, reaction, season 3, horror, no, angry, games, omg, friday, fuck, magic, upset, rose, twitch, s・ https://t.co/c5iIr5LuwM",FALSE,0,NA,2018-01-23 02:26:28,TRUE,NA,"955627763603525633",NA,"<a href=""https://ifttt.com"" rel=""nofollow"">IFTTT</a>","RyanMPriest",0,FALSE,FALSE,NA,NA
"New GIF tagged game, reaction, season 3, horror, yes, games, friday, yeah, sweet, nice, good, celebrate, awesome, y・ https://t.co/9lkV5etRCI",FALSE,0,NA,2018-01-23 02:26:27,TRUE,NA,"955627761921658880",NA,"<a href=""https://ifttt.com"" rel=""nofollow"">IFTTT</a>","charsfavorite",0,FALSE,FALSE,NA,NA
"New GIF tagged game, reaction, season 3, horror, no, what, games, friday, fuck, magic, rose, twitch, shit, rpg, pc,・ https://t.co/0rm6bcYWXK",FALSE,0,NA,2018-01-23 02:26:27,TRUE,NA,"955627761217015808",NA,"<a href=""https://ifttt.com"" rel=""nofollow"">IFTTT</a>","RyanMPriest",0,FALSE,FALSE,NA,NA
"New GIF tagged game, reaction, season 3, fun, horror, excited, cool, games, friday, yeah, sweet, nice, good, celebr・ https://t.co/nOUb9mlVaH",FALSE,0,NA,2018-01-23 02:26:27,TRUE,NA,"955627760210317312",NA,"<a href=""https://ifttt.com"" rel=""nofollow"">IFTTT</a>","charsfavorite",0,FALSE,FALSE,NA,NA
"New GIF tagged , game, reaction, season 3, horror, no, what, games, friday, magic, look, rose, twitch, shit, rpg, p・ https://t.co/g0EPKrsiuw",FALSE,0,NA,2018-01-23 02:26:26,TRUE,NA,"955627758486478849",NA,"<a href=""https://ifttt.com"" rel=""nofollow"">IFTTT</a>","RyanMPriest",0,FALSE,FALSE,NA,NA
"New GIF tagged game, reaction, season 3, horror, wow, games, friday, yeah, celebrate, yay, twitch, rpg, pc, great,・ https://t.co/DP0MMnRFd8",FALSE,0,NA,2018-01-23 02:26:26,TRUE,NA,"955627758452961280",NA,"<a href=""https://ifttt.com"" rel=""nofollow"">IFTTT</a>","charsfavorite",0,FALSE,FALSE,NA,NA
"New GIF tagged game, reaction, season 3, horror, no, angry, games, omg, friday, fuck, magic, upset, rose, twitch, s・ https://t.co/9Dvg97Jl28",FALSE,0,NA,2018-01-23 02:26:26,TRUE,NA,"955627756808822784",NA,"<a href=""https://ifttt.com"" rel=""nofollow"">IFTTT</a>","charsfavorite",0,FALSE,FALSE,NA,NA
"New GIF tagged , game, reaction, season 3, horror, no, games, friday, fuck, magic, upset, nope, rose, twitch, shit,・ https://t.co/QUyPnpFaqL",FALSE,0,NA,2018-01-23 02:26:26,TRUE,NA,"955627755865067520",NA,"<a href=""https://ifttt.com"" rel=""nofollow"">IFTTT</a>","RyanMPriest",0,FALSE,FALSE,NA,NA
"New GIF tagged game, reaction, season 3, horror, no, what, games, friday, fuck, magic, rose, twitch, shit, rpg, pc,・ https://t.co/YjOP1K2txo",FALSE,0,NA,2018-01-23 02:26:26,TRUE,NA,"955627754929696768",NA,"<a href=""https://ifttt.com"" rel=""nofollow"">IFTTT</a>","charsfavorite",0,FALSE,FALSE,NA,NA
"New GIF tagged , game, reaction, season 3, horror, what, games, friday, fuck, upset, twitch, shit, rpg, pc, great,・ https://t.co/VtteESXMpF",FALSE,0,NA,2018-01-23 02:26:25,TRUE,NA,"955627753277218816",NA,"<a href=""https://ifttt.com"" rel=""nofollow"">IFTTT</a>","RyanMPriest",0,FALSE,FALSE,NA,NA
"New GIF tagged , game, reaction, season 3, horror, no, what, games, friday, magic, look, rose, twitch, shit, rpg, p・ https://t.co/ptcWrsbgqm",FALSE,0,NA,2018-01-23 02:26:25,TRUE,NA,"955627753247735809",NA,"<a href=""https://ifttt.com"" rel=""nofollow"">IFTTT</a>","charsfavorite",0,FALSE,FALSE,NA,NA
"New GIF tagged , game, reaction, season 3, horror, no, games, friday, fuck, magic, upset, nope, rose, twitch, shit,・ https://t.co/HYlBjpUxFV",FALSE,0,NA,2018-01-23 02:26:25,TRUE,NA,"955627750982864899",NA,"<a href=""https://ifttt.com"" rel=""nofollow"">IFTTT</a>","charsfavorite",0,FALSE,FALSE,NA,NA
"New GIF tagged , game, reaction, season 3, horror, what, games, friday, fuck, upset, twitch, shit, rpg, pc, great,・ https://t.co/mUjZT7Tjk7",FALSE,0,NA,2018-01-23 02:26:24,TRUE,NA,"955627749137371136",NA,"<a href=""https://ifttt.com"" rel=""nofollow"">IFTTT</a>","charsfavorite",0,FALSE,FALSE,NA,NA
"RT @varjmes: <ed><U+00A0><U+00BD><ed><U+00B3><U+009D> Say goodbye to meaningless and messy containing &lt;div /&gt;'s in your components!

<U+269B><U+FE0F> React 16 brings us &lt;Fragment /&gt;'s and I im・",FALSE,0,NA,2018-01-23 02:26:24,FALSE,NA,"955627748810047488",NA,"<a href=""http://twitter.com"" rel=""nofollow"">Twitter Web Client</a>","deeheber",492,TRUE,FALSE,NA,NA
"New GIF tagged , game, reaction, season 3, horror, smile, games, friday, twitch, smiling, silly, rpg, react, oh my・ https://t.co/BmAkvxPEUL",FALSE,0,NA,2018-01-23 02:26:24,TRUE,NA,"955627747388329989",NA,"<a href=""https://ifttt.com"" rel=""nofollow"">IFTTT</a>","charsfavorite",0,FALSE,FALSE,NA,NA
"New GIF tagged , game, reaction, season 3, horror, smile, what, games, friday, surprise, twitch, smiling, silly, rp・ https://t.co/P4r3H37rkF",FALSE,0,NA,2018-01-23 02:26:23,TRUE,NA,"955627745500950528",NA,"<a href=""https://ifttt.com"" rel=""nofollow"">IFTTT</a>","charsfavorite",0,FALSE,FALSE,NA,NA
"New GIF tagged game, reaction, season 3, horror, games, friday, twitch, rpg, react, western, jordan, west, cowboy,・ https://t.co/erRChrZzL8",FALSE,0,NA,2018-01-23 02:26:23,TRUE,NA,"955627743563190272",NA,"<a href=""https://ifttt.com"" rel=""nofollow"">IFTTT</a>","charsfavorite",0,FALSE,FALSE,NA,NA
"RT @YemenSource: UN envoy to #Yemen announces he will step down. Yemenis react: @shireen818 @BaFana3 @muhsin_AH @MahaNagi @HussamSanabani h・",FALSE,0,NA,2018-01-23 02:26:23,FALSE,NA,"955627742694985729",NA,"<a href=""http://twitter.com/download/android"" rel=""nofollow"">Twitter for Android</a>","BonoWoodworth",29,TRUE,FALSE,NA,NA
"New GIF tagged game, reaction, season 3, horror, wow, what, games, friday, twitch, rpg, whoa, react, huh, western,・ https://t.co/Q6ctClOrGw",FALSE,0,NA,2018-01-23 02:26:22,TRUE,NA,"955627741034008576",NA,"<a href=""https://ifttt.com"" rel=""nofollow"">IFTTT</a>","charsfavorite",0,FALSE,FALSE,NA,NA
"A4. Modeling with students in the room helps teachers see how the students will react in the ""real-world"" setting.・ https://t.co/8NvwmzSvSh",FALSE,1,NA,2018-01-23 02:26:22,TRUE,NA,"955627740870381569",NA,"<a href=""https://www.participate.com"" rel=""nofollow"">Participate App</a>","Kim_Lindsey00",0,FALSE,FALSE,NA,NA
"New GIF tagged game, reaction, season 3, horror, yes, what, games, friday, twitch, rpg, fighting, react, really, we・ https://t.co/k2dRpYjPCZ",FALSE,0,NA,2018-01-23 02:26:22,TRUE,NA,"955627739255660544",NA,"<a href=""https://ifttt.com"" rel=""nofollow"">IFTTT</a>","charsfavorite",0,FALSE,FALSE,NA,NA
"New GIF tagged , game, reaction, season 3, horror, games, friday, magic, rose, twitch, thank you, rpg, thanks, welc・ https://t.co/Yex0HJWCtt",FALSE,0,NA,2018-01-23 02:26:21,TRUE,NA,"955627737447878656",NA,"<a href=""https://ifttt.com"" rel=""nofollow"">IFTTT</a>","charsfavorite",0,FALSE,FALSE,NA,NA
"RT @OhEmmeG: the weirdest thing about not drinking is actually how other ppl react to it. i had no idea ppl would be so..... idk extra abou・",FALSE,0,NA,2018-01-23 02:26:21,FALSE,NA,"955627734633537537",NA,"<a href=""http://twitter.com/download/iphone"" rel=""nofollow"">Twitter for iPhone</a>","Sjaaa",67,TRUE,FALSE,NA,NA
"New GIF tagged , game, reaction, season 3, horror, excited, games, friday, yeah, magic, rose, yay, twitch, rpg, cla・ https://t.co/WYMwRxEyJG",FALSE,0,NA,2018-01-23 02:26:21,TRUE,NA,"955627734264438784",NA,"<a href=""https://ifttt.com"" rel=""nofollow"">IFTTT</a>","charsfavorite",0,FALSE,FALSE,NA,NA
"New GIF tagged game, reaction, season 3, horror, excited, what, games, crazy, friday, confused, celebrate, twitch,・ https://t.co/mhkLF9RWLQ",FALSE,0,NA,2018-01-23 02:26:18,TRUE,NA,"955627724898521088",NA,"<a href=""https://ifttt.com"" rel=""nofollow"">IFTTT</a>","danidaemuse",0,FALSE,FALSE,NA,NA
"@OTC_Bitcoin @chris_rchambers That¨s so inaccurate. These coins react heavily to btc...",FALSE,0,"OTC_Bitcoin",2018-01-23 02:26:18,FALSE,"955625440537817088","955627723925348353","18873970","<a href=""http://twitter.com/download/iphone"" rel=""nofollow"">Twitter for iPhone</a>","cryptogawddd",0,FALSE,FALSE,NA,NA
"New GIF tagged game, reaction, season 3, horror, excited, yes, games, friday, magic, sweet, nice, good, celebrate,・ https://t.co/Y1W9C3bM4O",FALSE,0,NA,2018-01-23 02:26:18,TRUE,NA,"955627723275358211",NA,"<a href=""https://ifttt.com"" rel=""nofollow"">IFTTT</a>","danidaemuse",0,FALSE,FALSE,NA,NA
"New GIF tagged game, reaction, happy, season 3, horror, smile, cool, wow, games, friday, sweet, nice, twitch, smili・ https://t.co/pUfNZciMWp",FALSE,0,NA,2018-01-23 02:26:18,TRUE,NA,"955627720867762176",NA,"<a href=""https://ifttt.com"" rel=""nofollow"">IFTTT</a>","danidaemuse",0,FALSE,FALSE,NA,NA
"New GIF tagged game, reaction, season 3, horror, yes, games, friday, yeah, sweet, nice, good, celebrate, awesome, y・ https://t.co/zG2Wo4BlkN",FALSE,0,NA,2018-01-23 02:26:17,TRUE,NA,"955627718770614274",NA,"<a href=""https://ifttt.com"" rel=""nofollow"">IFTTT</a>","danidaemuse",0,FALSE,FALSE,NA,NA
"New GIF tagged game, reaction, season 3, fun, horror, excited, cool, games, friday, yeah, sweet, nice, good, celebr・ https://t.co/tFXlMiOhZc",FALSE,0,NA,2018-01-23 02:26:17,TRUE,NA,"955627716895748101",NA,"<a href=""https://ifttt.com"" rel=""nofollow"">IFTTT</a>","danidaemuse",0,FALSE,FALSE,NA,NA
"RT @RobertShipley2: Nothing has the power to make us have a bad attitude. We¨ve all been mistreated. Thankfully, we get to choose how we wi・",FALSE,0,NA,2018-01-23 02:26:16,FALSE,NA,"955627716321169408",NA,"<a href=""http://twitter.com/download/iphone"" rel=""nofollow"">Twitter for iPhone</a>","CoachArmstrong_",236,TRUE,FALSE,NA,NA
"New GIF tagged game, reaction, season 3, horror, wow, games, friday, yeah, celebrate, yay, twitch, rpg, pc, great,・ https://t.co/9WmJhCyCAN",FALSE,0,NA,2018-01-23 02:26:16,TRUE,NA,"955627714781818886",NA,"<a href=""https://ifttt.com"" rel=""nofollow"">IFTTT</a>","danidaemuse",0,FALSE,FALSE,NA,NA
"New GIF tagged game, reaction, season 3, horror, no, angry, games, omg, friday, fuck, magic, upset, rose, twitch, s・ https://t.co/8taRnkLIrl",FALSE,0,NA,2018-01-23 02:26:16,TRUE,NA,"955627713175478273",NA,"<a href=""https://ifttt.com"" rel=""nofollow"">IFTTT</a>","danidaemuse",0,FALSE,FALSE,NA,NA
"RT @vicentejian: Champorado na nilalagyan ng powdered milk is ok.
Ketchup na nilalagyan ng tubig para dumami is ok.
Kanin na nilalagyan ng・",FALSE,0,NA,2018-01-23 02:26:15,FALSE,NA,"955627712055427073",NA,"<a href=""http://twitter.com/download/android"" rel=""nofollow"">Twitter for Android</a>","veah_pajarillo",6183,TRUE,FALSE,NA,NA
"New GIF tagged game, reaction, season 3, horror, no, what, games, friday, fuck, magic, rose, twitch, shit, rpg, pc,・ https://t.co/84w0QDDpaU",FALSE,0,NA,2018-01-23 02:26:15,TRUE,NA,"955627711409672192",NA,"<a href=""https://ifttt.com"" rel=""nofollow"">IFTTT</a>","danidaemuse",0,FALSE,FALSE,NA,NA
"New GIF tagged game, reaction, season 3, horror, excited, what, games, crazy, friday, confused, celebrate, twitch,・ https://t.co/9NeNOUIf9K",FALSE,0,NA,2018-01-23 02:26:15,TRUE,NA,"955627710625263616",NA,"<a href=""https://ifttt.com"" rel=""nofollow"">IFTTT</a>","tiffanyrevere",0,FALSE,FALSE,NA,NA
"New GIF tagged , game, reaction, season 3, horror, no, what, games, friday, magic, look, rose, twitch, shit, rpg, p・ https://t.co/jvRvWWqEYX",FALSE,0,NA,2018-01-23 02:26:15,TRUE,NA,"955627709421576192",NA,"<a href=""https://ifttt.com"" rel=""nofollow"">IFTTT</a>","danidaemuse",0,FALSE,FALSE,NA,NA
"New GIF tagged game, reaction, season 3, horror, excited, yes, games, friday, magic, sweet, nice, good, celebrate,・ https://t.co/oEJgRQpqwh",FALSE,0,NA,2018-01-23 02:26:15,TRUE,NA,"955627708863668235",NA,"<a href=""https://ifttt.com"" rel=""nofollow"">IFTTT</a>","tiffanyrevere",0,FALSE,FALSE,NA,NA
"New GIF tagged , game, reaction, season 3, horror, no, games, friday, fuck, magic, upset, nope, rose, twitch, shit,・ https://t.co/lYLUCT8wwA",FALSE,0,NA,2018-01-23 02:26:14,TRUE,NA,"955627707290869760",NA,"<a href=""https://ifttt.com"" rel=""nofollow"">IFTTT</a>","danidaemuse",0,FALSE,FALSE,NA,NA
"New GIF tagged game, reaction, happy, season 3, horror, smile, cool, wow, games, friday, sweet, nice, twitch, smili・ https://t.co/HXdfGzBy3p",FALSE,0,NA,2018-01-23 02:26:14,TRUE,NA,"955627706997264384",NA,"<a href=""https://ifttt.com"" rel=""nofollow"">IFTTT</a>","tiffanyrevere",0,FALSE,FALSE,NA,NA
"RT @exo_sexo: I think I should say this because I know it will happen.

If you're a reactor and you plan to react to Jonghyun's album that・",FALSE,0,NA,2018-01-23 02:26:14,FALSE,NA,"955627706519117824",NA,"<a href=""http://twitter.com/download/iphone"" rel=""nofollow"">Twitter for iPhone</a>","qtexid",70,TRUE,FALSE,NA,NA
"New GIF tagged , game, reaction, season 3, horror, what, games, friday, fuck, upset, twitch, shit, rpg, pc, great,・ https://t.co/2wX8m6UtlI",FALSE,0,NA,2018-01-23 02:26:14,TRUE,NA,"955627705352978432",NA,"<a href=""https://ifttt.com"" rel=""nofollow"">IFTTT</a>","danidaemuse",0,FALSE,FALSE,NA,NA
"New GIF tagged game, reaction, season 3, horror, yes, games, friday, yeah, sweet, nice, good, celebrate, awesome, y・ https://t.co/ectP0YkuQc",FALSE,0,NA,2018-01-23 02:26:14,TRUE,NA,"955627704790941696",NA,"<a href=""https://ifttt.com"" rel=""nofollow"">IFTTT</a>","tiffanyrevere",0,FALSE,FALSE,NA,NA
"@LoveHipHopVH1 Trick is old school, he don't know how to react or what to do when it comes to queen drama.<ed><U+00A0><U+00BD><ed><U+00B8><U+0082>. #LHHMIA",FALSE,0,"LoveHipHopVH1",2018-01-23 02:26:14,FALSE,"955626532222963712","955627704291811328","1025143662","<a href=""http://twitter.com"" rel=""nofollow"">Twitter Web Client</a>","noggins_v",0,FALSE,FALSE,NA,NA
"New GIF tagged , game, reaction, season 3, horror, smile, games, friday, twitch, smiling, silly, rpg, react, oh my・ https://t.co/IJoB7ad2Pi",FALSE,0,NA,2018-01-23 02:26:13,TRUE,NA,"955627703000092674",NA,"<a href=""https://ifttt.com"" rel=""nofollow"">IFTTT</a>","danidaemuse",0,FALSE,FALSE,NA,NA
"New GIF tagged game, reaction, season 3, fun, horror, excited, cool, games, friday, yeah, sweet, nice, good, celebr・ https://t.co/3xN1dIrr8l",FALSE,0,NA,2018-01-23 02:26:13,TRUE,NA,"955627702735818752",NA,"<a href=""https://ifttt.com"" rel=""nofollow"">IFTTT</a>","tiffanyrevere",0,FALSE,FALSE,NA,NA
"New GIF tagged , game, reaction, season 3, horror, smile, what, games, friday, surprise, twitch, smiling, silly, rp・ https://t.co/Z38VERvdkC",FALSE,0,NA,2018-01-23 02:26:13,TRUE,NA,"955627701498413056",NA,"<a href=""https://ifttt.com"" rel=""nofollow"">IFTTT</a>","danidaemuse",0,FALSE,FALSE,NA,NA
"New GIF tagged game, reaction, season 3, horror, wow, games, friday, yeah, celebrate, yay, twitch, rpg, pc, great,・ https://t.co/dmHCnLIvpo",FALSE,0,NA,2018-01-23 02:26:13,TRUE,NA,"955627700953206784",NA,"<a href=""https://ifttt.com"" rel=""nofollow"">IFTTT</a>","tiffanyrevere",0,FALSE,FALSE,NA,NA
"New GIF tagged game, reaction, season 3, horror, games, friday, twitch, rpg, react, western, jordan, west, cowboy,・ https://t.co/d1fQEjlFk6",FALSE,0,NA,2018-01-23 02:26:12,TRUE,NA,"955627699493470209",NA,"<a href=""https://ifttt.com"" rel=""nofollow"">IFTTT</a>","danidaemuse",0,FALSE,FALSE,NA,NA
"New GIF tagged game, reaction, season 3, horror, no, angry, games, omg, friday, fuck, magic, upset, rose, twitch, s・ https://t.co/uU35iuw58a",FALSE,0,NA,2018-01-23 02:26:12,TRUE,NA,"955627699183251456",NA,"<a href=""https://ifttt.com"" rel=""nofollow"">IFTTT</a>","tiffanyrevere",0,FALSE,FALSE,NA,NA
"New GIF tagged game, reaction, season 3, horror, wow, what, games, friday, twitch, rpg, whoa, react, huh, western,・ https://t.co/Wo50I09zLp",FALSE,0,NA,2018-01-23 02:26:12,TRUE,NA,"955627697677459456",NA,"<a href=""https://ifttt.com"" rel=""nofollow"">IFTTT</a>","danidaemuse",0,FALSE,FALSE,NA,NA
"RT @exo_sexo: I think I should say this because I know it will happen.

If you're a reactor and you plan to react to Jonghyun's album that・",FALSE,0,NA,2018-01-23 02:26:12,FALSE,NA,"955627696511422464",NA,"<a href=""http://twitter.com/download/iphone"" rel=""nofollow"">Twitter for iPhone</a>","_memesol",70,TRUE,FALSE,NA,NA
"New GIF tagged game, reaction, season 3, horror, no, what, games, friday, fuck, magic, rose, twitch, shit, rpg, pc,・ https://t.co/1pVdxToDHq",FALSE,0,NA,2018-01-23 02:26:12,TRUE,NA,"955627696108777472",NA,"<a href=""https://ifttt.com"" rel=""nofollow"">IFTTT</a>","tiffanyrevere",0,FALSE,FALSE,NA,NA
"New GIF tagged game, reaction, season 3, horror, yes, what, games, friday, twitch, rpg, fighting, react, really, we・ https://t.co/KUL3THWIEz",FALSE,0,NA,2018-01-23 02:26:12,TRUE,NA,"955627695978811393",NA,"<a href=""https://ifttt.com"" rel=""nofollow"">IFTTT</a>","danidaemuse",0,FALSE,FALSE,NA,NA
"New GIF tagged , game, reaction, season 3, horror, games, friday, magic, rose, twitch, thank you, rpg, thanks, welc・ https://t.co/BUpdqiG8nT",FALSE,0,NA,2018-01-23 02:26:11,TRUE,NA,"955627694296915968",NA,"<a href=""https://ifttt.com"" rel=""nofollow"">IFTTT</a>","danidaemuse",0,FALSE,FALSE,NA,NA
"New GIF tagged , game, reaction, season 3, horror, no, what, games, friday, magic, look, rose, twitch, shit, rpg, p・ https://t.co/EP9gT81wdF",FALSE,0,NA,2018-01-23 02:26:11,TRUE,NA,"955627694120718336",NA,"<a href=""https://ifttt.com"" rel=""nofollow"">IFTTT</a>","tiffanyrevere",0,FALSE,FALSE,NA,NA
"New GIF tagged , game, reaction, season 3, horror, no, games, friday, fuck, magic, upset, nope, rose, twitch, shit,・ https://t.co/Eog3ITdWDJ",FALSE,0,NA,2018-01-23 02:26:11,TRUE,NA,"955627692489134080",NA,"<a href=""https://ifttt.com"" rel=""nofollow"">IFTTT</a>","tiffanyrevere",0,FALSE,FALSE,NA,NA
"New GIF tagged , game, reaction, season 3, horror, excited, games, friday, yeah, magic, rose, yay, twitch, rpg, cla・ https://t.co/4TVrx053zv",FALSE,0,NA,2018-01-23 02:26:11,TRUE,NA,"955627692321329152",NA,"<a href=""https://ifttt.com"" rel=""nofollow"">IFTTT</a>","danidaemuse",0,FALSE,FALSE,NA,NA
"New GIF tagged , game, reaction, season 3, horror, what, games, friday, fuck, upset, twitch, shit, rpg, pc, great,・ https://t.co/RVfyVyDR2U",FALSE,0,NA,2018-01-23 02:26:10,TRUE,NA,"955627690589130752",NA,"<a href=""https://ifttt.com"" rel=""nofollow"">IFTTT</a>","tiffanyrevere",0,FALSE,FALSE,NA,NA
"New GIF tagged , game, reaction, season 3, horror, smile, games, friday, twitch, smiling, silly, rpg, react, oh my・ https://t.co/M67Uqn0N5k",FALSE,0,NA,2018-01-23 02:26:10,TRUE,NA,"955627688777125888",NA,"<a href=""https://ifttt.com"" rel=""nofollow"">IFTTT</a>","tiffanyrevere",0,FALSE,FALSE,NA,NA
"PEOPLE SAY IM ANTI<U+203C><U+FE0F>NAW I JUST REACT OFF THE SHIT I SEE<U+203C><U+FE0F><ed><U+00A0><U+00BD><ed><U+00B2><U+00AF><ed><U+00A0><U+00BD><ed><U+00B2><U+00AA><ed><U+00A0><U+00BC><ed><U+00BF><U+00BE>",FALSE,0,NA,2018-01-23 02:26:10,FALSE,NA,"955627687476908033",NA,"<a href=""http://twitter.com/download/iphone"" rel=""nofollow"">Twitter for iPhone</a>","cutthroat_gg",0,FALSE,FALSE,NA,NA
"New GIF tagged , game, reaction, season 3, horror, smile, what, games, friday, surprise, twitch, smiling, silly, rp・ https://t.co/fCFwlcc8lB",FALSE,0,NA,2018-01-23 02:26:09,TRUE,NA,"955627686831034369",NA,"<a href=""https://ifttt.com"" rel=""nofollow"">IFTTT</a>","tiffanyrevere",0,FALSE,FALSE,NA,NA
"New GIF tagged game, reaction, season 3, horror, games, friday, twitch, rpg, react, western, jordan, west, cowboy,・ https://t.co/Q6V5n8Ee3b",FALSE,0,NA,2018-01-23 02:26:09,TRUE,NA,"955627684880580608",NA,"<a href=""https://ifttt.com"" rel=""nofollow"">IFTTT</a>","tiffanyrevere",0,FALSE,FALSE,NA,NA
"New GIF tagged game, reaction, season 3, horror, wow, what, games, friday, twitch, rpg, whoa, react, huh, western,・ https://t.co/myUjslcHAb",FALSE,0,NA,2018-01-23 02:26:08,TRUE,NA,"955627682737291266",NA,"<a href=""https://ifttt.com"" rel=""nofollow"">IFTTT</a>","tiffanyrevere",0,FALSE,FALSE,NA,NA
"New GIF tagged game, reaction, season 3, horror, yes, what, games, friday, twitch, rpg, fighting, react, really, we・ https://t.co/A4k8DNFYCR",FALSE,0,NA,2018-01-23 02:26:08,TRUE,NA,"955627680870879233",NA,"<a href=""https://ifttt.com"" rel=""nofollow"">IFTTT</a>","tiffanyrevere",0,FALSE,FALSE,NA,NA
"New GIF tagged , game, reaction, season 3, horror, games, friday, magic, rose, twitch, thank you, rpg, thanks, welc・ https://t.co/2K18IG3fSj",FALSE,0,NA,2018-01-23 02:26:08,TRUE,NA,"955627678882828288",NA,"<a href=""https://ifttt.com"" rel=""nofollow"">IFTTT</a>","tiffanyrevere",0,FALSE,FALSE,NA,NA
"New GIF tagged , game, reaction, season 3, horror, excited, games, friday, yeah, magic, rose, yay, twitch, rpg, cla・ https://t.co/Igpg0bhzN2",FALSE,0,NA,2018-01-23 02:26:07,TRUE,NA,"955627677033132032",NA,"<a href=""https://ifttt.com"" rel=""nofollow"">IFTTT</a>","tiffanyrevere",0,FALSE,FALSE,NA,NA
"RT @ccamilapics: HER REACT, LMAO <ed><U+00A0><U+00BD><ed><U+00B8><U+0082> https://t.co/N8P8c6pKIH",FALSE,0,NA,2018-01-23 02:26:06,FALSE,NA,"955627671198752768",NA,"<a href=""http://twitter.com/download/android"" rel=""nofollow"">Twitter for Android</a>","lonelyvives",169,TRUE,FALSE,NA,NA
"How will Arie react about her age #TheBachelor",FALSE,0,NA,2018-01-23 02:26:04,FALSE,NA,"955627663003144192",NA,"<a href=""http://twitter.com/#!/download/ipad"" rel=""nofollow"">Twitter for iPad</a>","cortneym_426",0,FALSE,FALSE,NA,NA
"RT @maylovestrixxie: CoPple scene by the pool. @Barber_Edward_ @maymayentrata07 

REACT. COMMENT. SHARE the FB post. 

Link: https://t.co/o・",FALSE,0,NA,2018-01-23 02:26:04,FALSE,NA,"955627662650753024",NA,"<a href=""http://twitter.com/download/android"" rel=""nofollow"">Twitter for Android</a>","CoppleJhoyce",46,TRUE,FALSE,NA,NA
"RT @sampadscales: It's not what happens to you, but how you react to it that matters. <ed><U+00A0><U+00BD><ed><U+00B8><U+008A>

#TuesdayThoughts 
#TuesdayMotivation 
#TuesdayMorn・",FALSE,0,NA,2018-01-23 02:26:03,FALSE,NA,"955627659253264385",NA,"<a href=""http://twitter.com/download/android"" rel=""nofollow"">Twitter for Android</a>","dinesh_chawla",26,TRUE,FALSE,NA,NA
"@EdKrassen How can people not react to all of this??",FALSE,0,"EdKrassen",2018-01-23 02:25:59,FALSE,"955289670186930177","955627644405649408","132339474","<a href=""http://twitter.com/download/iphone"" rel=""nofollow"">Twitter for iPhone</a>","Linda37800737",0,FALSE,FALSE,NA,NA
"A4. Sometimes modeling with students can show a teacher how to react to an issue not overreact to an issue. #altic",FALSE,3,NA,2018-01-23 02:25:56,FALSE,NA,"955627629071265792",NA,"<a href=""https://about.twitter.com/products/tweetdeck"" rel=""nofollow"">TweetDeck</a>","bctechteacher",0,FALSE,FALSE,NA,NA
"I liked a @YouTube video https://t.co/hhQok6OhPF TheOdd1sOut Reacts to Teens React to TheOdd1sOut (Reaction)",FALSE,0,NA,2018-01-23 02:25:51,FALSE,NA,"955627611060805632",NA,"<a href=""http://www.google.com/"" rel=""nofollow"">Google</a>","MSvacina",0,FALSE,FALSE,NA,NA
"I liked a @YouTube video https://t.co/1NgjdnPPNs Maze Runner: The Death Cure | Fans Around the World React | 20th Century FOX",FALSE,0,NA,2018-01-23 02:25:46,FALSE,NA,"955627587623006208",NA,"<a href=""http://www.google.com/"" rel=""nofollow"">Google</a>","Bossy_Broski",0,FALSE,FALSE,NA,NA
"RT @carsoncgibbons: ＾Deploy a React Auth App in 3 Steps￣ via @hackernoon #cms #api #javascript #nodejs #reactjs #nextjs #auth #authenticati・",FALSE,0,NA,2018-01-23 02:25:45,FALSE,NA,"955627585563701248",NA,"<a href=""https://rishabhmishra.me/"" rel=""nofollow"">React Dev autobot</a>","_reactdev",6,TRUE,FALSE,NA,NA
"RT @reactjs__dev: Learn React by Building Real Projects

 https://t.co/B1Tf23o7wT

#javascript #reactjs https://t.co/RxupupfVSH",FALSE,0,NA,2018-01-23 02:25:45,FALSE,NA,"955627585551192065",NA,"<a href=""https://rishabhmishra.me/"" rel=""nofollow"">React Dev autobot</a>","_reactdev",1,TRUE,FALSE,NA,NA
"RT @StylezBoogiee: It is not necessary to react to everything you notice.",FALSE,0,NA,2018-01-23 02:25:45,FALSE,NA,"955627585307906048",NA,"<a href=""http://twitter.com/download/iphone"" rel=""nofollow"">Twitter for iPhone</a>","kunsimm",1386,TRUE,FALSE,NA,NA
"RT @KhalilGaspard: Life is 5% what happens to you and 95% How you react to it . #MondayMotivation  #MondayMorning @Dylan_Bostic @ErnestoSot・",FALSE,0,NA,2018-01-23 02:25:44,FALSE,NA,"955627581692370944",NA,"<a href=""http://twitter.com/download/android"" rel=""nofollow"">Twitter for Android</a>","tweetyousohard0",10,TRUE,FALSE,NA,NA
"@sacbee_news @sfchronicle @am870theanswer @latimes @GDLA @KCBSKCALDesk @KTLAnewsdesk @GMA @TODAYshow WAKE UP USA &amp;・ https://t.co/C97HthZytV",FALSE,0,"sacbee_news",2018-01-23 02:25:39,TRUE,NA,"955627560737501185","14411304","<a href=""http://twitter.com/download/android"" rel=""nofollow"">Twitter for Android</a>","PopsRT",0,FALSE,FALSE,NA,NA
"New GIF tagged game, reaction, season 3, horror, excited, what, games, crazy, friday, confused, celebrate, twitch,・ https://t.co/cDRrgi8KF5",FALSE,0,NA,2018-01-23 02:25:39,TRUE,NA,"955627559424876545",NA,"<a href=""https://ifttt.com"" rel=""nofollow"">IFTTT</a>","Quid_Quid",0,FALSE,FALSE,NA,NA
"New GIF tagged game, reaction, season 3, horror, excited, yes, games, friday, magic, sweet, nice, good, celebrate,・ https://t.co/sjLwUEJjlB",FALSE,0,NA,2018-01-23 02:25:39,TRUE,NA,"955627557516390400",NA,"<a href=""https://ifttt.com"" rel=""nofollow"">IFTTT</a>","Quid_Quid",0,FALSE,FALSE,NA,NA
"New GIF tagged game, reaction, happy, season 3, horror, smile, cool, wow, games, friday, sweet, nice, twitch, smili・ https://t.co/ILDOnM7KhN",FALSE,0,NA,2018-01-23 02:25:38,TRUE,NA,"955627555792486400",NA,"<a href=""https://ifttt.com"" rel=""nofollow"">IFTTT</a>","Quid_Quid",0,FALSE,FALSE,NA,NA
"New GIF tagged game, reaction, season 3, horror, yes, games, friday, yeah, sweet, nice, good, celebrate, awesome, y・ https://t.co/h1Q4VNeVyz",FALSE,0,NA,2018-01-23 02:25:38,TRUE,NA,"955627553548627968",NA,"<a href=""https://ifttt.com"" rel=""nofollow"">IFTTT</a>","Quid_Quid",0,FALSE,FALSE,NA,NA
"New GIF tagged game, reaction, season 3, fun, horror, excited, cool, games, friday, yeah, sweet, nice, good, celebr・ https://t.co/LUPV80NPu6",FALSE,0,NA,2018-01-23 02:25:37,TRUE,NA,"955627551749271553",NA,"<a href=""https://ifttt.com"" rel=""nofollow"">IFTTT</a>","Quid_Quid",0,FALSE,FALSE,NA,NA
"New GIF tagged game, reaction, season 3, horror, wow, games, friday, yeah, celebrate, yay, twitch, rpg, pc, great,・ https://t.co/xeqxN8KzMw",FALSE,0,NA,2018-01-23 02:25:37,TRUE,NA,"955627549849280515",NA,"<a href=""https://ifttt.com"" rel=""nofollow"">IFTTT</a>","Quid_Quid",0,FALSE,FALSE,NA,NA
"New GIF tagged game, reaction, season 3, horror, no, angry, games, omg, friday, fuck, magic, upset, rose, twitch, s・ https://t.co/ds9Pv9pDsz",FALSE,0,NA,2018-01-23 02:25:36,TRUE,NA,"955627547240345600",NA,"<a href=""https://ifttt.com"" rel=""nofollow"">IFTTT</a>","Quid_Quid",0,FALSE,FALSE,NA,NA
"RT @exo_sexo: I think I should say this because I know it will happen.

If you're a reactor and you plan to react to Jonghyun's album that・",FALSE,0,NA,2018-01-23 02:25:36,FALSE,NA,"955627546330238976",NA,"<a href=""https://mobile.twitter.com"" rel=""nofollow"">Twitter Lite</a>","b8i661",70,TRUE,FALSE,NA,NA
"New GIF tagged game, reaction, season 3, horror, no, what, games, friday, fuck, magic, rose, twitch, shit, rpg, pc,・ https://t.co/cPI5BZIXMe",FALSE,0,NA,2018-01-23 02:25:36,TRUE,NA,"955627545378115589",NA,"<a href=""https://ifttt.com"" rel=""nofollow"">IFTTT</a>","Quid_Quid",0,FALSE,FALSE,NA,NA
"New GIF tagged , game, reaction, season 3, horror, no, what, games, friday, magic, look, rose, twitch, shit, rpg, p・ https://t.co/K0E1kbMkbN",FALSE,0,NA,2018-01-23 02:25:35,TRUE,NA,"955627542819549184",NA,"<a href=""https://ifttt.com"" rel=""nofollow"">IFTTT</a>","Quid_Quid",0,FALSE,FALSE,NA,NA
"Trying not to react",FALSE,0,NA,2018-01-23 02:25:35,FALSE,NA,"955627541670240256",NA,"<a href=""https://mobile.twitter.com"" rel=""nofollow"">Mobile Web (M2)</a>","joisuuuuu",0,FALSE,FALSE,NA,NA
"RT @amaris_wilsonn: i legit b knowing everythinggg I just don¨t care enough to react",FALSE,0,NA,2018-01-23 02:25:35,FALSE,NA,"955627541515194368",NA,"<a href=""http://twitter.com/download/iphone"" rel=""nofollow"">Twitter for iPhone</a>","MyaaNicole_",2,TRUE,FALSE,NA,NA
"New GIF tagged , game, reaction, season 3, horror, no, games, friday, fuck, magic, upset, nope, rose, twitch, shit,・ https://t.co/8BhnuKMUWC",FALSE,0,NA,2018-01-23 02:25:35,TRUE,NA,"955627540881821696",NA,"<a href=""https://ifttt.com"" rel=""nofollow"">IFTTT</a>","Quid_Quid",0,FALSE,FALSE,NA,NA
"New GIF tagged , game, reaction, season 3, horror, what, games, friday, fuck, upset, twitch, shit, rpg, pc, great,・ https://t.co/jqImGXSHiA",FALSE,0,NA,2018-01-23 02:25:34,TRUE,NA,"955627538788835329",NA,"<a href=""https://ifttt.com"" rel=""nofollow"">IFTTT</a>","Quid_Quid",0,FALSE,FALSE,NA,NA
"New GIF tagged , game, reaction, season 3, horror, smile, games, friday, twitch, smiling, silly, rpg, react, oh my・ https://t.co/qPonYLCqGQ",FALSE,0,NA,2018-01-23 02:25:34,TRUE,NA,"955627536851132421",NA,"<a href=""https://ifttt.com"" rel=""nofollow"">IFTTT</a>","Quid_Quid",0,FALSE,FALSE,NA,NA
"New GIF tagged , game, reaction, season 3, horror, smile, what, games, friday, surprise, twitch, smiling, silly, rp・ https://t.co/lz4N3i6Nqu",FALSE,0,NA,2018-01-23 02:25:33,TRUE,NA,"955627534825283584",NA,"<a href=""https://ifttt.com"" rel=""nofollow"">IFTTT</a>","Quid_Quid",0,FALSE,FALSE,NA,NA
"New GIF tagged game, reaction, season 3, horror, games, friday, twitch, rpg, react, western, jordan, west, cowboy,・ https://t.co/gAmY1IE8D5",FALSE,0,NA,2018-01-23 02:25:33,TRUE,NA,"955627532732239872",NA,"<a href=""https://ifttt.com"" rel=""nofollow"">IFTTT</a>","Quid_Quid",0,FALSE,FALSE,NA,NA
"New GIF tagged game, reaction, season 3, horror, wow, what, games, friday, twitch, rpg, whoa, react, huh, western,・ https://t.co/KUIJPEuBtz",FALSE,0,NA,2018-01-23 02:25:32,TRUE,NA,"955627530802868224",NA,"<a href=""https://ifttt.com"" rel=""nofollow"">IFTTT</a>","Quid_Quid",0,FALSE,FALSE,NA,NA
"New GIF tagged game, reaction, season 3, horror, yes, what, games, friday, twitch, rpg, fighting, react, really, we・ https://t.co/T8CMY4aPYg",FALSE,0,NA,2018-01-23 02:25:32,TRUE,NA,"955627528630292480",NA,"<a href=""https://ifttt.com"" rel=""nofollow"">IFTTT</a>","Quid_Quid",0,FALSE,FALSE,NA,NA
"RT @mbchavez86: Guys,pakibisita po ito.More engagement pa please!<ed><U+00A0><U+00BD><ed><U+00B9><U+008F>

WATCH<U+25AA>REACT<U+25AA>COMMENT<U+25AA>SHARE

LINK:https://t.co/trOlzs5MS4

@maymayentrata・",FALSE,0,NA,2018-01-23 02:25:32,FALSE,NA,"955627528206434304",NA,"<a href=""http://twitter.com/download/android"" rel=""nofollow"">Twitter for Android</a>","joygan21",49,TRUE,FALSE,NA,NA
"New GIF tagged , game, reaction, season 3, horror, games, friday, magic, rose, twitch, thank you, rpg, thanks, welc・ https://t.co/c83CVRVQw0",FALSE,0,NA,2018-01-23 02:25:31,TRUE,NA,"955627526260449285",NA,"<a href=""https://ifttt.com"" rel=""nofollow"">IFTTT</a>","Quid_Quid",0,FALSE,FALSE,NA,NA
"New GIF tagged , game, reaction, season 3, horror, excited, games, friday, yeah, magic, rose, yay, twitch, rpg, cla・ https://t.co/1IqgR0bO74",FALSE,0,NA,2018-01-23 02:25:30,TRUE,NA,"955627523487956993",NA,"<a href=""https://ifttt.com"" rel=""nofollow"">IFTTT</a>","Quid_Quid",0,FALSE,FALSE,NA,NA
"RT @TheyCallMeDSP: People ask me all the time why I cannot get sponsorship like other online gamers. This is why: I'm stalked by obsessed,・",FALSE,0,NA,2018-01-23 02:25:29,FALSE,NA,"955627516311621632",NA,"<a href=""http://twitter.com"" rel=""nofollow"">Twitter Web Client</a>","chickychangwang",6,TRUE,FALSE,NA,NA
"I liked a @YouTube video https://t.co/CuEA1LawPU Can the Queen's Guard Really Not React to People While on Duty?",FALSE,0,NA,2018-01-23 02:25:26,FALSE,NA,"955627504579981312",NA,"<a href=""http://www.google.com/"" rel=""nofollow"">Google</a>","RayJayGamer",0,FALSE,FALSE,NA,NA
"RT @LeTalonSchloess: The Vikings win a big game and their fan base donates over $200,000 to a player from the opposing team¨s charity. The・",FALSE,0,NA,2018-01-23 02:25:25,FALSE,NA,"955627501623144448",NA,"<a href=""http://twitter.com/download/iphone"" rel=""nofollow"">Twitter for iPhone</a>","julieeggs4",35,TRUE,FALSE,NA,NA
"RT @Inolikesabannah: I know I shouldn't react this strongly  to  #TheBachelor BUT EVERY TIME I HEAR KRYSTAL HUMBLE BRAG I JUST LOSE IT http・",FALSE,0,NA,2018-01-23 02:25:25,FALSE,NA,"955627498594807808",NA,"<a href=""http://twitter.com/download/iphone"" rel=""nofollow"">Twitter for iPhone</a>","savanah1437",1,TRUE,FALSE,NA,NA
"me: *takes naruto quiz bc @LordDanty made me but hes asleep so he can't react*",FALSE,0,NA,2018-01-23 02:25:24,FALSE,NA,"955627496791298048",NA,"<a href=""http://twitter.com"" rel=""nofollow"">Twitter Web Client</a>","ThatMooseyMoose",0,FALSE,FALSE,NA,NA
"RT @DaveVescio: The greatest mistake we humans make in our relationships; We listen half, understand quarter, think zero, and react double.",FALSE,0,NA,2018-01-23 02:25:22,FALSE,NA,"955627489933619201",NA,"<a href=""http://twitter.com"" rel=""nofollow"">Twitter Web Client</a>","JuanChercrew",91,TRUE,FALSE,NA,NA
"@OprahSide React to this game G <ed><U+00A0><U+00BD><ed><U+00B4><U+00A5><ed><U+00A0><U+00BD><ed><U+00B4><U+00A5><ed><U+00A0><U+00BD><ed><U+00B4><U+00A5> https://t.co/uQFulNMjxE",FALSE,0,"OprahSide",2018-01-23 02:25:21,FALSE,NA,"955627483109314560","2382584922","<a href=""http://twitter.com/download/iphone"" rel=""nofollow"">Twitter for iPhone</a>","_mryepez",0,FALSE,FALSE,NA,NA
"RT @ultkmj: i hope that people will respect other people¨s feelings when jjong¨s album and mv come out. remember, people react in different・",FALSE,0,NA,2018-01-23 02:25:19,FALSE,NA,"955627475022725120",NA,"<a href=""http://twitter.com/download/android"" rel=""nofollow"">Twitter for Android</a>","HannafNurul",37,TRUE,FALSE,NA,NA
"He seemed to react fine when the black man was holding him but as soon as that white woman came up to him he was no・ https://t.co/bfdUGRfWG7",FALSE,0,NA,2018-01-23 02:25:17,TRUE,NA,"955627468291002369",NA,"<a href=""http://twitter.com/download/iphone"" rel=""nofollow"">Twitter for iPhone</a>","BelleDae",0,FALSE,FALSE,NA,NA
"New GIF tagged game, reaction, season 3, horror, excited, what, games, crazy, friday, confused, celebrate, twitch,・ https://t.co/hNVpkytcHs",FALSE,0,NA,2018-01-23 02:25:16,TRUE,NA,"955627464709066753",NA,"<a href=""https://ifttt.com"" rel=""nofollow"">IFTTT</a>","xoxoLizza",0,FALSE,FALSE,NA,NA
"RT @ultkmj: i hope that people will respect other people¨s feelings when jjong¨s album and mv come out. remember, people react in different・",FALSE,0,NA,2018-01-23 02:25:16,FALSE,NA,"955627462171512832",NA,"<a href=""http://twitter.com/download/iphone"" rel=""nofollow"">Twitter for iPhone</a>","malibuconberry",37,TRUE,FALSE,NA,NA
