"","ID","name","category","main_category","currency","deadline","goal","launched","pledged","state","backers","country","usd pledged"
"1","1000002330","The Songs of Adelaide & Abullah","Poetry","Publishing","GBP","2015-10-09 11:36:00","1000","2015-08-11 12:12:28","0","failed","0","GB","0"
"2","1000003930","Greeting From Earth: ZGAC Arts Capsule For ET","Narrative Film","Film & Video","USD","2017-11-01 03:43:57","30000","2017-09-02 04:43:57","2421","failed","15","US","100"
"3","1000004038","Where is Hank?","Narrative Film","Film & Video","USD","2013-02-26 00:20:50","45000","2013-01-12 00:20:50","220","failed","3","US","220"
"4","1000007540","ToshiCapital Rekordz Needs Help to Complete Album","Music","Music","USD","2012-04-16 04:24:11","5000","2012-03-17 03:24:11","1","failed","1","US","1"
"5","1000011046","Community Film Project: The Art of Neighborhood Filmmaking","Film & Video","Film & Video","USD","2015-08-29 01:00:00","19500","2015-07-04 08:35:03","1283","canceled","14","US","1283"
"6","1000014025","Monarch Espresso Bar","Restaurants","Food","USD","2016-04-01 13:38:27","50000","2016-02-26 13:38:27","52375","successful","224","US","52375"
"7","1000023410","Support Solar Roasted Coffee & Green Energy!  SolarCoffee.co","Food","Food","USD","2014-12-21 18:30:44","1000","2014-12-01 18:30:44","1205","successful","16","US","1205"
"8","1000030581","Chaser Strips. Our Strips make Shots their B*tch!","Drinks","Food","USD","2016-03-17 19:05:12","25000","2016-02-01 20:05:12","453","failed","40","US","453"
"9","1000034518","SPIN - Premium Retractable In-Ear Headphones with Mic","Product Design","Design","USD","2014-05-29 18:14:43","125000","2014-04-24 18:14:43","8233","canceled","58","US","8233"
"10","100004195","STUDIO IN THE SKY - A Documentary Feature Film (Canceled)","Documentary","Film & Video","USD","2014-08-10 21:55:48","65000","2014-07-11 21:55:48","6240.57","canceled","43","US","6240.57"
"11","100004721","Of Jesus and Madmen","Nonfiction","Publishing","CAD","2013-10-09 18:19:37","2500","2013-09-09 18:19:37","0","failed","0","CA","0"
"12","100005484","Lisa Lim New CD!","Indie Rock","Music","USD","2013-04-08 06:42:58","12500","2013-03-09 06:42:58","12700","successful","100","US","12700"
"13","1000055792","The Cottage Market","Crafts","Crafts","USD","2014-10-02 17:11:50","5000","2014-09-02 17:11:50","0","failed","0","US","0"
"14","1000056157","G-Spot Place for Gamers to connect with eachother & go pro!","Games","Games","USD","2016-03-25 22:01:12","200000","2016-02-09 23:01:12","0","failed","0","US","0"
"15","1000057089","Tombstone: Old West tabletop game and miniatures in 32mm.","Tabletop Games","Games","GBP","2017-05-03 19:44:18","5000","2017-04-05 19:44:18","94175","successful","761","GB","57763.77967932"
"16","1000064368","Survival Rings","Design","Design","USD","2015-02-28 02:10:53","2500","2015-01-29 02:10:53","664","failed","11","US","664"
"17","1000064918","The Beard","Comic Books","Comics","USD","2014-11-08 22:27:52","1500","2014-10-09 22:27:52","395","failed","16","US","395"
"18","1000068480","Notes From London: Above & Below","Art Books","Publishing","USD","2015-05-10 21:20:54","3000","2015-04-10 21:20:54","789","failed","20","US","789"
"19","1000070642","Mike Corey's Darkness & Light Album","Music","Music","USD","2012-08-17 14:11:32","250","2012-08-02 14:11:32","250","successful","7","US","250"
"20","1000071625","Boco Tea","Food","Food","USD","2012-06-02 17:24:32","5000","2012-05-03 17:24:32","1781","failed","40","US","1781"
"21","1000072011","CMUK. Shoes: Take on Life Feet First.","Fashion","Fashion","USD","2013-12-30 07:06:11","20000","2013-11-25 07:06:11","34268","successful","624","US","34268"
"22","1000081649","MikeyJ clothing brand fundraiser","Childrenswear","Fashion","AUD","2017-09-07 01:20:20","2500","2017-08-08 01:20:20","1","failed","1","AU","0"
"23","1000082254","Alice in Wonderland in G Minor","Theater","Theater","USD","2014-06-15 10:09:03","3500","2014-05-16 10:10:38","650","failed","12","US","650"
"24","1000087442","Mountain brew: A quest for alcohol sustainability","Drinks","Food","NOK","2015-02-25 19:17:33","500","2015-01-26 19:17:33","48","failed","3","NO","6.18000816"
"25","1000091520","The Book Zoo - A Mini-Comic","Comics","Comics","USD","2014-11-12 17:15:50","175","2014-10-23 17:15:50","701.66","successful","66","US","701.66"
"26","1000102741","Matt Cavenaugh & Jenny Powers make their 1st album! ","Music","Music","USD","2011-01-06 23:16:50","10000","2010-12-07 23:16:50","15827","successful","147","US","15827"
"27","1000103948","Superhero Teddy Bear","DIY","Crafts","GBP","2016-01-05 20:09:06","12000","2015-12-06 20:09:06","0","failed","0","GB","0"
"28","1000104688","Permaculture Skills","Webseries","Film & Video","CAD","2014-12-14 18:02:00","17757","2014-11-14 18:02:00","48905","successful","571","CA","43203.2511447"
"29","1000104953","Rebel Army Origins: The Heroic Story Of Major Gripes","Comics","Comics","GBP","2016-01-28 16:59:29","100","2015-12-29 16:59:29","112.38","successful","27","GB","167.7003057894"
"30","100011318","My Moon - Animated Short Film","Animation","Film & Video","USD","2017-05-03 17:11:33","50000","2017-04-03 17:11:33","57577.31","successful","840","US","10120"
"31","1000115172","Daily Brew Coffee","Food Trucks","Food","GBP","2015-03-31 18:06:32","3500","2015-03-01 18:06:32","21","failed","1","GB","32.41526106"
"32","1000117861","Ledr workbook: one tough journal!","Product Design","Design","USD","2016-10-08 02:00:00","1000","2016-09-07 13:14:26","47266","successful","549","US","11253"
"33","1000120151","Feather Cast Furled Fly Fishing Leaders","Product Design","Design","AUD","2015-08-22 03:09:43","2000","2015-07-23 03:09:43","2000","successful","18","AU","1473.6189"
"34","1000120287","BB130A","Public Art","Art","USD","2013-03-24 00:07:28","25000","2013-02-12 01:07:28","1395","failed","30","US","1395"
"35","100012079","Chris Eger Band - New Nashville Record!","Music","Music","USD","2014-08-13 08:59:00","12000","2014-07-14 22:35:51","13260","successful","92","US","13260"
"36","1000129669","Squatch Watchers","Webseries","Film & Video","USD","2013-08-23 21:40:13","10000","2013-07-24 21:40:13","1373.37","failed","54","US","1373.37"
"37","1000131947","Arrows & Sound Debut Album","Indie Rock","Music","USD","2012-05-19 01:04:31","4000","2012-04-19 01:04:31","8641.34","successful","157","US","8641.34"
"38","1000132945","Zen in America: a film on Zen Buddhism in North America","Documentary","Film & Video","USD","2013-10-21 23:00:54","10000","2013-09-21 23:00:54","15663","successful","213","US","15663"
"39","1000134913","Galaxy: Winnie and Friends","Illustration","Art","USD","2016-01-27 21:47:29","3000","2015-12-23 21:47:29","17","failed","2","US","17"
"40","1000146991","Help Scott Reynolds Make a New Record!","Indie Rock","Music","USD","2012-09-02 18:43:16","15000","2012-08-03 18:43:16","17499.99","successful","277","US","17499.99"
"41","1000149007","Unschooling To University Book Project","Nonfiction","Publishing","CAD","2018-01-19 18:15:14","3000","2017-11-20 18:15:14","592","live","24","CA","185.64676416"
"42","1000153208","Phil Younger - Slow Down (Official Music Video)","Music","Music","USD","2016-12-20 22:30:00","2100","2016-12-09 20:27:02","2100","successful","34","US","83"
"43","1000160286","""""THE RETURN"""" book project","Photography","Photography","USD","2013-12-13 00:34:20","15000","2013-11-13 00:34:20","23907","successful","232","US","23907"
"44","1000170964","Penny Bingo Playing Card Game fun for the whole family!","Tabletop Games","Games","USD","2017-03-27 04:01:43","1500","2017-03-02 04:01:43","856","failed","25","US","324"
"45","1000171141","The Please, Please Me: Studio Premiere","Pop","Music","USD","2012-09-01 23:36:00","10000","2012-07-15 03:27:33","12656","successful","181","US","12656"
"46","1000182258","WE ARE ONE: STREET MUSIC OF NEW ORLEANS","Documentary","Film & Video","USD","2013-10-01 06:00:00","2500","2013-08-27 20:17:27","0","failed","0","US","0"
"47","1000183112","Hot Chicken Takes Over.","Restaurants","Food","USD","2014-10-16 05:59:00","40000","2014-09-16 02:31:08","63401","successful","855","US","63401"
"48","1000184224","Star and the Snowman","Narrative Film","Film & Video","USD","2013-02-23 06:04:05","8000","2013-01-24 06:04:05","9401","successful","154","US","9401"
"49","1000190427","Seas of Iron","Tabletop Games","Games","USD","2013-07-19 03:16:33","3000","2013-06-19 03:16:33","8105","successful","218","US","8105"
"50","1000197321","(In)visible Empire Tees","Public Art","Art","USD","2016-01-02 00:00:00","1200","2015-11-22 22:47:44","90","failed","4","US","90"
"51","1000201265","I'LL SEE YOU IN MY DREAMS - narrative feature film","Narrative Film","Film & Video","USD","2014-02-05 00:57:14","60000","2014-01-11 00:57:14","61365.16","successful","632","US","61365.16"
"52","100020143","H2O The Underwater Portraits","People","Photography","USD","2017-10-30 16:16:00","9500","2017-09-25 17:17:43","6","failed","2","US","5"
"53","1000202062","SkateFrames-Photo frame made from recycled skateboard wood","Art","Art","USD","2015-05-08 02:53:18","7500","2015-04-08 02:53:18","3","failed","3","US","3"
"54","1000212914","A Teacher's Travels in China","Photography","Photography","USD","2012-05-13 23:34:56","4000","2012-04-18 23:34:56","4866.17","successful","71","US","4866.17"
"55","1000216800","Mothers Into Living Fit Yoga DVD for Moms and Babies","Family","Film & Video","USD","2014-06-19 17:18:29","11000","2014-05-20 17:18:29","11055","successful","51","US","11055"
"56","1000217634","Mobile barbecue & catering trailer","Food Trucks","Food","USD","2014-10-23 20:29:00","13750","2014-09-24 03:35:33","1","failed","1","US","1"
"57","1000226576","Following the Call - A Novel","Fiction","Publishing","USD","2016-02-01 08:06:07","13500","2016-01-02 08:06:07","0","failed","0","US","0"
"58","1000227361","UNDERWATER","Film & Video","Film & Video","USD","2012-03-26 06:00:00","9500","2012-02-13 19:00:37","9660","successful","121","US","9660"
"59","1000230071","The Fanalyzers: Views from the Stands","Webseries","Film & Video","USD","2013-10-18 20:20:00","60000","2013-09-18 20:20:00","635","failed","5","US","635"
"60","1000232288","Empires at Sea","Tabletop Games","Games","USD","2015-06-23 12:47:52","25000","2015-05-24 12:47:52","37199","successful","448","US","37199"
"61","1000233415","Teachers In The Sky","Documentary","Film & Video","USD","2016-06-18 07:00:00","250000","2016-04-19 23:53:22","65","failed","2","US","65"
"62","1000234595","Fashion removeable decoration jewel accessory hells shoes","Accessories","Fashion","EUR","2016-10-13 11:59:57","12000","2016-09-13 11:59:57","137","failed","2","IT","0"
"63","1000235465","TO RUSSIA WITH LOVE AND SIMON","Art","Art","USD","2016-06-22 18:10:04","5000","2016-05-23 18:10:04","587","failed","8","US","587"
"64","1000235643","HIIT Bottle™","Drinks","Food","USD","2015-04-27 19:33:08","15000","2015-03-13 18:33:08","124998","successful","2784","US","124998"
"65","1000243793","""""JurassicJurassix"""" by The Guilt","Rock","Music","USD","2015-04-09 00:10:28","850","2015-02-23 00:10:28","485","failed","13","US","485"
"66","1000245024","Safer Home","Hardware","Technology","CAD","2015-07-03 05:52:43","50000","2015-06-03 05:52:43","0","failed","0","CA","0"
"67","1000252415","Pantochino Productions: """"Cinderella Skeleton, the Musical""""","Theater","Theater","USD","2011-07-08 15:08:51","15000","2011-05-09 15:08:51","15425","successful","144","US","15425"
"68","1000256230","Shreddit - Privacy on Reddit","Software","Technology","GBP","2017-07-02 12:20:21","2000","2017-06-02 12:20:21","0","failed","0","GB","0"
"69","1000256760","Raise the Woof, expanding the love (Canceled)","Design","Design","CAD","2015-08-07 21:46:53","15000","2015-07-08 21:46:53","700","canceled","6","CA","553.324254"
"70","1000257563","""""Flying"""" Carpets from Azerbaijan, Iran and Turkey/Anatolia","Weaving","Crafts","GBP","2015-04-29 19:55:31","5000","2015-03-30 19:55:31","2","failed","1","GB","2.9752253"
"71","1000260691","Gizbee™ Unlimited Removable Storage for Your Travel Photos","Gadgets","Technology","USD","2016-03-25 19:30:27","87000","2016-02-29 20:30:27","2030","canceled","15","US","2030"
"72","1000261018","Diposta - liberating people from their postal mailbox.","Web","Technology","USD","2016-08-23 13:18:36","100000","2016-07-24 13:18:36","141","failed","3","US","100"
"73","1000268182","My Future Just Passed - Debut CD - Jazz Trio","Jazz","Music","USD","2014-12-03 21:11:44","4000","2014-11-03 21:11:44","4795","successful","95","US","4795"
"74","1000278154","Loot and Recruit - A quirky, combative, deck building game","Tabletop Games","Games","USD","2015-04-10 05:59:00","13000","2015-03-10 13:19:18","2453","canceled","65","US","2453"
"75","1000282287","Babe Ruth's Family Kitchen - Gourmet Hot Dogs and Condiments","Food","Food","USD","2015-10-13 00:59:36","25000","2015-09-08 00:59:36","0","canceled","0","US","0"
"76","1000291122","VOTE (anyone but) TRUMP Candle","Product Design","Design","GBP","2016-08-24 05:59:00","500","2016-07-12 17:31:42","218","failed","6","GB","174.82675905"
"77","1000291263","""""It's Complicated"""" by Ariana Salome","Ready-to-wear","Fashion","USD","2016-06-09 22:52:00","68000","2016-05-10 22:52:00","0","failed","0","US","0"
"78","1000294559","Secular Solstice 2014","Festivals","Theater","USD","2014-10-27 00:50:58","7500","2014-10-02 01:50:58","8157.01","successful","164","US","8157.01"
"79","1000320473","Uncommon Rhythm - Season One","Film & Video","Film & Video","USD","2013-09-13 08:55:00","29700","2013-08-15 11:16:24","10410","failed","76","US","10410"
"80","1000328150","Legacy of Svarog | a Unique 3D Action RPG and Adventure Game","Video Games","Games","USD","2015-10-30 05:33:31","50000","2015-08-31 06:33:31","1410","failed","38","US","1410"
"81","1000328328","ANVIL Beard","Fashion","Fashion","GBP","2015-02-06 13:00:00","2000","2014-12-15 19:13:37","61","failed","9","GB","95.87396169"
"82","1000331311","AWE - Antediluvian Wars: Extermination Tactical Card Game","Tabletop Games","Games","USD","2014-08-31 00:00:00","13000","2014-08-01 00:02:17","1811","failed","34","US","1811"
"83","1000332383","Road to the Shire","Documentary","Film & Video","USD","2012-02-14 21:00:00","4000","2012-01-11 20:13:55","4045","successful","29","US","4045"
"84","1000333671","Spiral Electric Skylab Recording","Rock","Music","USD","2015-02-26 18:54:23","500","2015-02-04 18:54:23","1540","successful","31","US","1540"
"85","1000334074","The Locals Only Shirt","Fashion","Fashion","USD","2012-05-18 07:59:00","500","2012-05-01 07:11:25","754.82","successful","36","US","754.82"
"86","1000335422","""""Where is Home?"""" Anthology","Anthologies","Comics","CAD","2014-07-10 00:09:47","4000","2014-06-10 00:09:47","4944.5","successful","153","CA","4523.365612095"
"87","1000338818","Diet! No thanks, I'd rather lose weight","Publishing","Publishing","EUR","2016-10-30 17:13:01","10000","2016-08-31 18:13:01","88","failed","9","DE","22.3488658"
"88","1000339877","The Onrust Project and Two Row Treaty of 1613","Theater","Theater","USD","2013-06-16 00:58:02","5000","2013-04-17 00:58:02","110","failed","2","US","110"
"89","1000340977","My Coffee Box","Drinks","Food","USD","2014-06-16 22:43:36","3000","2014-05-17 22:43:36","1027","failed","18","US","1027"
"90","1000344383","¿Tu Sabes? (You Know?) a music collaboration by Daya & Edu","Music","Music","USD","2012-12-13 00:12:00","4500","2012-10-30 08:53:03","409","failed","10","US","409"
"91","1000348690","The Silence of Hollowind - Urban Fantasy RPG","Tabletop Games","Games","EUR","2017-11-23 16:58:01","5000","2017-10-24 16:58:01","11238","successful","346","IT","5509.508914"
"92","1000348776","P/O/V Comic and Literary Anthology","Comics","Comics","USD","2012-03-06 18:25:26","4289","2012-01-21 18:25:26","474","failed","14","US","474"
"93","1000354338","""""Little Shop of Horrors"""" at the Browncoat Theatre!","Theater","Theater","USD","2012-08-14 20:05:26","2000","2012-06-30 20:05:26","2075","successful","40","US","2075"
"94","10003650","Glyscian Debut Album Recording (Canceled)","Rock","Music","USD","2012-05-26 04:25:46","15000","2012-03-27 04:25:46","151","canceled","4","US","151"
"95","1000374001","The Dark Waters Project","Indie Rock","Music","USD","2013-04-07 05:55:00","10000","2013-02-20 01:48:42","10414","successful","113","US","10414"
"96","1000386601","Los Angeles International Student Film Festival","Film & Video","Film & Video","USD","2014-04-03 17:24:51","1500","2014-03-04 17:24:51","1932.99","successful","29","US","1932.99"
"97","1000389241","Bob Contemplates Ending It All","Shorts","Film & Video","USD","2014-01-27 02:00:00","3000","2013-12-18 20:54:02","3755","successful","52","US","3755"
"98","1000392220","The Girls Bathroom","Webseries","Film & Video","USD","2011-07-31 06:00:00","2000","2011-07-06 16:35:45","2252.99","successful","45","US","2252.99"
"99","100039820","Best Spray Bottle Ever - SureShot","Gadgets","Technology","CAD","2015-03-07 16:57:21","25000","2015-02-05 16:57:21","3","failed","3","CA","2.41110072"
"100","1000399155","New Lasagna","Restaurants","Food","USD","2014-10-17 11:13:15","5000","2014-08-18 11:13:15","0","failed","0","US","0"
"101","1000405957","Just Another Reality Show: Season 3","Webseries","Film & Video","USD","2014-05-11 23:04:22","500","2014-04-10 23:04:22","756","successful","8","US","756"
"102","1000413719","Backroads EP Processing Costs","Electronic Music","Music","USD","2012-10-26 23:00:00","200","2012-10-11 23:32:24","274.05","successful","14","US","274.05"
"103","1000415969","Disaster Area: A Podcast","Radio & Podcasts","Publishing","USD","2016-12-28 17:58:04","1000","2016-11-28 17:58:04","1055","successful","19","US","0"
"104","1000422671","Titanium EDC Bottle Opener","Product Design","Design","USD","2016-11-20 16:23:31","500","2016-10-21 16:23:31","156","failed","4","US","1"
"105","1000427280","Fishtacular - The Ultimate Fishing Tool (Canceled)","Apps","Technology","CAD","2015-05-25 20:04:12","50000","2015-04-23 20:04:12","11336","canceled","19","CA","9240.73685288"
"106","1000428719","""""Eat Like A Gilmore"""" Cookbook","Cookbooks","Food","USD","2016-04-17 04:00:00","20000","2016-03-14 12:39:29","47273","successful","1261","US","47273"
"107","10004373","Bad Example (A Southern Trailer Park Fairy Tale) Indie Short","Shorts","Film & Video","USD","2017-05-08 23:25:55","1800","2017-04-03 23:25:55","22","failed","2","US","7"
"108","100044420","PATTY AT THE PARTY - a mumblecore horror feature","Webseries","Film & Video","USD","2010-07-04 21:12:00","5000","2010-04-29 07:14:32","50","failed","3","US","50"
"109","1000445513","Bold Threadz","Fashion","Fashion","USD","2012-09-20 21:59:00","5400","2012-08-02 04:47:11","5858","successful","131","US","5858"
"110","1000450327","Happy Fix USA","Apparel","Fashion","USD","2014-10-01 17:06:42","1750","2014-08-17 17:06:42","1805","successful","25","US","1805"
"111","1000454605","Be part of the next SMB Project album","Indie Rock","Music","USD","2012-03-24 02:00:00","1000","2012-02-12 17:33:14","1455","successful","41","US","1455"
"112","1000465399","DAYTRADER - A Financial Board Game","Tabletop Games","Games","USD","2013-03-13 15:16:06","19500","2013-02-05 16:16:06","20269","successful","491","US","20269"
"113","1000468345","iRNinja - Control your TV with a simple press of a button","Gadgets","Technology","USD","2017-06-14 16:45:00","500","2017-05-10 16:00:18","74","failed","6","US","261"
"114","1000476123","Mama's Meatballs","Food","Food","USD","2014-08-07 18:52:26","100","2014-07-08 18:52:26","0","failed","0","US","0"
"115","1000479996","Ebony Child:Music Artist drops New Album, Comic Book, & Film","Pop","Music","USD","2016-05-21 01:46:25","10000","2016-04-21 01:46:25","10","failed","1","US","10"
"116","1000481607","Alpha Omega E.P.","Metal","Music","USD","2016-09-30 22:34:26","1000","2016-09-05 22:34:26","472","failed","13","US","0"
"117","1000490852","Carriage","Art","Art","USD","2017-12-24 18:06:35","8000","2017-11-24 18:06:35","8360","successful","121","US","605"
"118","1000491057","AllThis TV","Comedy","Film & Video","USD","2017-04-09 01:12:32","50000","2017-03-10 01:12:32","40","failed","3","US","20"
"119","1000491830","The Legendary YD 2016 Tour","Hip-Hop","Music","USD","2016-05-18 19:48:00","6325","2016-03-19 21:51:03","10","failed","2","US","10"
"120","1000499845","MEMORY LANE  ","Documentary","Film & Video","USD","2010-11-08 22:48:40","20000","2010-10-09 22:48:40","270","failed","4","US","270"
"121","1000509854","Jane Brown... a story of courage, survival and love","Periodicals","Publishing","USD","2011-12-31 00:01:57","25000","2011-10-31 23:01:57","0","failed","0","US","0"
"122","1000514796","CASE:Lynk - Your EMERGENCY iPhone Charge & Sync Cord","Product Design","Design","USD","2012-10-11 06:59:37","125000","2012-09-06 06:59:37","3012","failed","67","US","3012"
"123","100051531","Cat - Pre-Professional Ballerina","Dance","Dance","USD","2014-10-06 13:24:34","3400","2014-08-07 13:24:34","0","failed","0","US","0"
"124","1000519001","Wordwright: re·de·fin·ing word play","Tabletop Games","Games","USD","2015-12-29 02:00:00","2000","2015-11-21 14:12:27","14794","successful","624","US","14794"
"125","1000521061","SERiNO'S PiZZA ROLLiNG PiZZA LAB (Food Truck)","Food Trucks","Food","USD","2014-09-30 23:39:19","20000","2014-09-01 23:39:19","0","failed","0","US","0"
"126","1000521421","A photobook of life in Japan","Photography","Photography","USD","2013-03-14 02:11:43","3200","2013-02-12 03:11:43","568","failed","11","US","568"
"127","1000524949","Operation: Make Stuff","Video Games","Games","USD","2012-10-18 04:46:06","200","2012-09-18 04:46:06","306.72","successful","36","US","306.72"
"128","1000535116","Xi3: Help us Usher in the Post-PC Era","Technology","Technology","USD","2012-10-28 08:33:59","250000","2012-09-28 09:33:59","90771","failed","120","US","90771"
"129","1000537760","help our wood shop buy a lathe & hopefully a laser engraver","Public Art","Art","USD","2014-11-13 21:50:32","650","2014-10-24 21:50:32","0","failed","0","US","0"
"130","1000542390","Spirits Asunder","Film & Video","Film & Video","GBP","2015-03-31 05:52:30","500","2015-03-01 05:52:30","5","failed","1","GB","7.71822905"
"131","1000543883","Store Facades - Paintings out of Pittsburgh","Painting","Art","USD","2013-03-30 02:02:09","800","2013-02-28 03:02:09","1062.57","successful","20","US","1062.57"
"132","1000545028","Trackside - Independent documentary featuring Marshals","Documentary","Film & Video","GBP","2014-03-02 22:00:00","5000","2014-01-24 12:49:11","5037","successful","47","GB","8345.98129278"
"133","1000549881","Brandi Emma promotes her new, 5-song EP because of YOU!  Pre-Order Right Here :)","Indie Rock","Music","USD","2010-07-12 08:59:00","10000","2010-06-12 01:44:53","4006","failed","44","US","4006"
"134","1000551777","Gantish - Online Reward Chart Creator for Parents","Software","Technology","EUR","2015-09-16 15:37:03","4000","2015-08-17 15:37:03","282","failed","12","IE","313.30026288"
"135","1000553538","URBNPOP / CHRIS HAMER SKETCHBOOK","Art Books","Publishing","USD","2012-07-18 16:58:21","1400","2012-06-18 16:58:21","2535","successful","49","US","2535"
"136","1000558429","Sellegg start up classified site","Web","Technology","USD","2016-03-20 19:26:00","15000","2016-03-02 02:13:52","25","failed","1","US","25"
"137","1000566862","Farmer Brown's Analogy Farm Game for ages three and above","Games","Games","USD","2013-10-30 02:32:14","25000","2013-09-27 03:32:14","65","failed","3","US","65"
"138","1000567557","The Seven Rays","World Music","Music","USD","2012-04-09 02:52:41","3000","2012-02-24 02:52:41","260","failed","8","US","260"
"139","100056789","Four Short Stories and Ten Love Poems","Publishing","Publishing","USD","2017-08-25 17:43:09","3000","2017-07-11 17:43:09","3165","successful","33","US","225"
"140","100057323","David LaRocca: Star Spawn","Illustration","Art","USD","2015-10-22 04:30:00","650","2015-09-21 14:44:46","2354.5","successful","53","US","2354.5"
"141","1000577059","Calendars for Cats","Photobooks","Photography","USD","2015-12-29 14:56:30","1000","2015-11-29 14:56:30","95","failed","3","US","95"
"142","10005784","DOGMA - Short Film","Drama","Film & Video","GBP","2015-03-20 01:00:00","750","2015-03-06 15:13:20","756","successful","15","GB","1153.3110372"
"143","1000581546","Project U-Neek","Art","Art","GBP","2013-05-08 01:06:32","1500","2013-04-08 01:06:32","1515.5","successful","19","GB","2320.269099785"
"144","1000581804","Architecture & Design Website","Architecture","Design","GBP","2014-09-28 19:47:50","500","2014-08-29 19:47:50","0","failed","0","GB","0"
"145","1000586849","#NotMyPresident Protest Tees","Apparel","Fashion","USD","2016-12-22 04:46:10","2500","2016-11-22 04:46:10","25","failed","1","US","30"
"146","1000590709","Musical Light Suit","Hardware","Technology","USD","2011-06-28 09:09:15","6000","2011-05-19 09:09:15","20","failed","2","US","20"
"147","1000598804","Gone In 61 Seconds","Tabletop Games","Games","USD","2017-11-08 03:00:00","1000","2017-11-03 13:44:35","875","failed","14","US","420"
"148","1000600012","YA science-fiction/comedy book series: Zeek Kim'lo","Young Adult","Publishing","GBP","2016-06-16 01:05:02","10000","2016-05-17 01:05:02","1","failed","1","GB","1.4360512"
"149","1000600526","Rising Star - Unsigned Artist Compilation Album","Hip-Hop","Music","GBP","2013-02-22 22:32:01","600","2013-01-08 22:32:01","0","failed","0","GB","0"
"150","1000600868","Musical stage (escenario musical)","Latin","Music","MXN","2017-04-17 22:34:24","18000","2017-03-03 22:34:24","10","failed","1","MX","0"
"151","1000602156","HYDRA DICE","Games","Games","USD","2012-06-06 07:42:47","12000","2012-05-07 07:42:47","3100.66","failed","89","US","3100.66"
"152","1000620551","Islamic World - Strategic gaming with Islamic values","Mobile Games","Games","GBP","2014-08-19 12:52:57","1925","2014-07-20 12:52:57","293","failed","5","GB","500.63390795"
"153","1000624031","Hangar 1 Foundation","Flight","Technology","USD","2014-10-18 19:40:43","8500","2014-09-03 19:40:43","1355","failed","4","US","1355"
"154","1000627718","Adele's Heart is Going to Edinburgh","Theater","Theater","USD","2012-06-18 14:33:11","7500","2012-05-14 14:33:11","8315","successful","67","US","8315"
"155","1000629643","ODIN: Android 'Smart' Projector to Carry in Your Pocket","Hardware","Technology","USD","2014-07-08 05:59:00","250000","2014-05-28 13:54:18","268192","successful","561","US","268192"
"156","1000638156","Jenny's Photography - Start own business and travel!!","Fine Art","Photography","GBP","2014-08-29 18:14:06","500","2014-07-30 18:14:06","10","failed","1","GB","16.9818498"
"157","1000639526","Kaleidoscope Man","Film & Video","Film & Video","GBP","2012-12-22 03:59:00","60000","2012-11-15 22:46:18","5487","failed","90","GB","8715.62476476"
"158","1000644119","Operación Douve","Action","Film & Video","EUR","2016-05-01 19:09:05","100","2016-03-02 19:09:05","20","failed","2","ES","21.7678072"
"159","1000648117","42 Sketches 2013","Art Books","Publishing","USD","2013-04-07 22:16:10","1000","2013-03-18 21:16:10","2883.5","successful","78","US","2883.5"
"160","1000648918","ADVENT SAGA, DIGITAL TACTICAL CARD GAME","Video Games","Games","USD","2014-07-31 16:01:41","70000","2014-07-01 16:01:41","15542.11","failed","260","US","15542.11"
"161","100065084","One Man's Opinion Of Moonlight Song Collection","Music","Music","USD","2017-06-29 19:57:18","1450","2017-06-14 19:57:18","1647","successful","33","US","0"
"162","1000650960","Crap Amidst Hilarity, vol. 1","Playing Cards","Games","USD","2016-03-22 00:36:45","7500","2016-01-22 01:36:45","942.25","failed","55","US","942.25"
"163","1000654344","Packable, Fashionable & Protective; the ULTIMATE sun hat.","Fashion","Fashion","USD","2014-06-07 01:00:00","36000","2014-05-01 17:36:59","91003.67","successful","750","US","91003.67"
"164","1000654409","Echo-Fuel: Make Echo Portable with Universal Charging Base!","Hardware","Technology","USD","2017-12-07 08:12:00","50000","2017-11-04 19:46:50","4237","failed","12","US","4384"
"165","1000656794","VoxCube - 8x8x8 RGB LED chainable cubes","Makerspaces","Technology","AUD","2016-04-01 00:15:02","129000","2016-03-02 00:15:02","11601.5","failed","32","AU","8267.41638024"
"166","1000659557","New world disorder","Punk","Music","USD","2016-07-05 01:46:00","5000","2016-06-05 18:46:18","0","failed","0","US","0"
"167","1000674477","""""GENERATION FX"""" a documentary film.","Documentary","Film & Video","USD","2012-12-09 04:57:11","100000","2012-10-10 04:57:11","8085","failed","37","US","8085"
"168","1000682368","Rack and Ruin, Out of Orbit 3","Fiction","Publishing","GBP","2015-06-17 21:52:36","2500","2015-05-18 21:52:36","1315","failed","29","GB","2068.06529745"
"169","1000684975","Help me prepare for an upcoming art show","Painting","Art","USD","2016-04-24 21:25:41","1200","2016-03-10 21:25:41","2","failed","2","US","2"
"170","1000694855","STREETFIGHTERZ WHEELIE MURICA","Film & Video","Film & Video","USD","2014-09-20 06:59:00","6500","2014-08-06 21:28:36","555","undefined","0","""N","0"
"171","1000697657","The Forever Rechargeable Talking Super Capacitor Flashlight","Hardware","Technology","CAD","2013-10-23 23:36:49","2000","2013-09-23 23:36:49","656","failed","18","CA","636.7775928"
"172","1000699196","COVENANT","Jazz","Music","USD","2014-12-07 18:02:15","32000","2014-11-07 18:02:15","4670","failed","42","US","4670"
"173","1000707541","Elephant Gun Media Blitzkrieg","Music","Music","USD","2011-11-04 06:00:00","777","2011-10-20 23:51:42","923","successful","36","US","923"
"174","1000710630","Our Shared Stories: An Afghan Diary","Anthologies","Publishing","USD","2016-08-20 16:22:04","7500","2016-07-06 16:22:04","9500","successful","86","US","880"
"175","1000719127","The Gentle Art Of Tutelage","Narrative Film","Film & Video","USD","2013-03-20 18:38:31","50000","2013-01-19 18:38:31","2161","failed","26","US","2161"
"176","1000725978","Air Bonsai | Create your """"little star""""","Product Design","Design","USD","2016-03-01 12:18:00","80000","2016-01-21 12:18:00","843743","successful","3784","US","843743"
"177","1000727191","Canadian Invasion's """"Choose Your Own Adventure"""" Album","Pop","Music","USD","2010-12-20 05:59:00","2000","2010-10-26 01:17:27","2036","successful","38","US","2036"
"178","1000727905","Wrist Covers","Product Design","Design","USD","2015-04-24 19:39:59","9500","2015-02-23 19:39:59","0","failed","0","US","0"
"179","1000741180","High Stakes: A Short Film","Shorts","Film & Video","USD","2013-11-03 21:55:16","5000","2013-10-09 21:55:16","5120","successful","81","US","5120"
"180","1000741387","Fomatek: Foam Laptop Desks & Music Stands Elevate your Gear.","Product Design","Design","USD","2015-09-26 22:02:59","10000","2015-08-27 22:02:59","805","failed","10","US","805"
"181","1000752960","100 Risings","Documentary","Film & Video","GBP","2014-07-10 10:36:20","500","2014-06-10 10:36:20","10","failed","1","GB","16.8060166"
"182","1000754401","Sky Scrapers Project","Tabletop Games","Games","USD","2015-06-16 21:44:40","50000","2015-05-17 21:44:40","1825","failed","32","US","1825"
"183","1000758916","Keys to the Moon's First Full Length Album!","Music","Music","USD","2016-10-01 05:59:00","4000","2016-09-01 15:32:07","4629","successful","37","US","15"
"184","1000761521","KILOS.","Thrillers","Film & Video","USD","2018-02-06 04:10:00","5000","2017-12-23 20:34:31","310","live","4","US","200"
"185","1000767040","Strait Jacket – Tangle Prevention For Headphones","Product Design","Design","USD","2016-11-23 03:35:51","30000","2016-10-24 03:35:51","1041","canceled","46","US","549"
"186","1000770149","Worrisome Wilf's Beastly Bedtime","Children's Books","Publishing","GBP","2013-06-12 13:59:23","5500","2013-05-13 13:59:23","5721","successful","140","GB","8787.82946688"
"187","1000772297","Airfoil Click Pen: Aviation Inspired, for gel & rollerball","Product Design","Design","USD","2014-10-05 08:00:00","5000","2014-09-09 20:17:23","26407","successful","327","US","26407"
"188","1000776914","VLC for the new Windows 8 User Experience (""""Metro"""")","Software","Technology","GBP","2012-12-29 13:54:50","40000","2012-11-29 13:54:50","47056.86","successful","3080","GB","75365.135258517"
"189","1000777557","Raise funds for the new JonathanGluck and the Wayward Kind album!","Rock","Music","USD","2010-09-19 05:59:00","4000","2010-07-30 23:23:15","30","failed","2","US","30"
"190","1000781363","The Spider and the Fly","Children's Books","Publishing","USD","2014-07-09 09:10:06","19650","2014-06-09 09:10:06","20313","successful","164","US","20313"
"191","1000781512","Knock Down Drag Out","Shorts","Film & Video","USD","2012-01-10 05:59:00","800","2011-12-09 00:23:22","850","successful","19","US","850"
"192","1000785030","Day of the Dead Tyrion Lannister Calavera Vinyl Stickers","Illustration","Art","USD","2015-01-17 04:12:23","275","2015-01-03 04:12:23","642","successful","40","US","642"
"193","1000786724","Harold VS The Horde","Video Games","Games","USD","2015-01-18 07:49:11","14000","2014-12-19 07:49:11","113","failed","18","US","113"
"194","1000788629","Camille Peruto - NEW ALBUM","Pop","Music","USD","2016-07-06 00:02:52","15000","2016-05-07 00:02:52","18009","successful","69","US","18009"
"195","100078996","APP - CUSTOM SHOES/ Calzado Personalizado - MADAME MARIAN","Apps","Technology","MXN","2016-12-21 06:59:00","55000","2016-11-19 04:05:23","56680","successful","24","MX","2.450925"
"196","1000802137","Tye's Photographic Journey.","People","Photography","USD","2015-12-12 07:06:24","2500","2015-11-12 07:06:24","0","failed","0","US","0"
"197","1000804307","Ropw","Games","Games","USD","2017-09-22 09:59:23","2000","2017-08-23 09:59:23","3.69","failed","3","US","0"
"198","1000804742","The Chelsea Chronicle Podcast","Audio","Journalism","GBP","2017-02-24 16:21:21","10000","2017-01-25 16:21:21","337.5","failed","15","GB","115.04688136"
"199","1000810416","Wildlife Inspired T-Shirts; Help Me To Help Wildlife","Apparel","Fashion","GBP","2017-07-31 17:49:08","200","2017-07-06 17:49:08","15","failed","1","GB","19.3990686"
"200","1000811882","The Sword of Asumi Visual Novel","Video Games","Games","GBP","2014-11-10 11:30:00","2500","2014-10-19 20:35:23","3097","successful","107","GB","4983.77899212"
"201","1000823935","Wax Stacks LP Record Crates","Design","Design","USD","2015-07-15 17:55:05","35000","2015-06-15 17:55:05","39209","successful","120","US","39209"
"202","1000827504","The JANIS JOPLIN Project (Canceled)","Photography","Photography","USD","2012-08-21 05:09:00","11000","2012-07-10 02:31:19","75","canceled","1","US","75"
"203","1000827890","Throw Over Car Door Dent Protector","Design","Design","USD","2017-03-01 15:46:00","5000","2017-02-02 23:49:26","45","failed","2","US","0"
"204","1000834930","Strawberry Fields Café and Patisserie","Food","Food","CAD","2017-01-23 17:14:00","50000","2016-12-01 21:16:27","0","failed","0","CA","0"
"205","1000844246","Tofu: Stylish T-Shirts that are Made by Freedom","Apparel","Fashion","USD","2015-08-10 05:30:00","3000","2015-07-22 15:31:10","23079","successful","140","US","23079"
"206","1000850525","American Confines vol 1: Cincinnati in 52","Photobooks","Photography","USD","2016-07-20 05:59:00","17500","2016-06-20 08:10:03","656","failed","14","US","615"
"207","1000853310","Good Company","Shorts","Film & Video","USD","2012-02-27 04:22:17","500","2012-01-28 04:22:17","5","failed","1","US","5"
"208","1000865260","Launch """"Romeo and Juliet in Yiddish"""" in New York City","Film & Video","Film & Video","USD","2011-06-10 22:17:10","5000","2011-05-17 22:17:10","0","failed","0","US","0"
"209","1000869383","The Case of the Silent Girl - a dark Sherlock Holmes tale","Comics","Comics","SEK","2016-07-18 20:16:00","4450","2016-06-18 20:16:00","8503","successful","47","SE","409.54249536"
"210","1000883509","Chasing Blue at The Trans Theatre Festival","Festivals","Theater","USD","2016-06-01 06:59:00","4000","2016-04-29 19:53:22","4813","successful","105","US","4813"
"211","1000885772","Mooli London | Designer Camera & Tech Bag - The Hampton","Product Design","Design","GBP","2015-10-10 00:59:00","15000","2015-09-04 16:33:23","15267","successful","85","GB","23358.14450802"
"212","100089599","CLOTHING LABEL WITH A 90's STATE OF MIND - MADE IN FRANCE","Apparel","Fashion","EUR","2016-12-18 18:51:27","3286","2016-11-18 18:51:27","3776","successful","44","FR","427.944796"
"213","1000896053","The Ultimate Custom Shark Rig","Product Design","Design","USD","2015-04-24 15:58:46","8000","2015-03-25 14:58:46","0","failed","0","US","0"
"214","1000916036","Conference Paradigm Shift Meeting #3","Performance Art","Art","EUR","2017-12-13 08:25:55","700","2017-10-14 08:25:55","85","failed","4","FR","88.85929575"
"215","1000918505","Dynamic Faces Match","Games","Games","USD","2017-02-23 20:46:15","15000","2017-01-24 20:46:15","0","canceled","0","US","0"
"216","100091944","Climbing 4 Kidz","Film & Video","Film & Video","CAD","2014-05-08 15:37:00","38875","2014-04-09 22:39:16","0","failed","0","CA","0"
"217","1000922108","Tugboat Collective's Inaugural Season","Theater","Theater","USD","2012-10-11 04:00:00","9000","2012-09-12 05:32:06","10046","successful","115","US","10046"
"218","1000932522","Geocaching Trading Cards - History Series II","Games","Games","USD","2013-03-03 20:14:41","1500","2013-02-01 20:14:41","1620","successful","52","US","1620"
"219","1000937140","The FUN n' EASY CookBook For Children's Well.....Fun Cooking","Publishing","Publishing","USD","2012-12-09 17:59:00","3500","2012-11-07 19:53:01","0","failed","0","US","0"
"220","1000940032","Space Trucker","Video Games","Games","USD","2016-12-08 08:20:27","150","2016-11-08 08:20:27","165","successful","7","US","25"
"221","1000942804","High","Documentary","Film & Video","USD","2016-07-02 04:55:34","5250","2016-06-02 04:55:34","0","failed","0","US","0"
"222","1000953875","Club Wick3d","Video Games","Games","USD","2015-03-23 21:28:42","300000","2015-01-22 22:28:42","1","failed","1","US","1"
"223","1000968500","Modern Handmade Ceramics: Paper & Clay","Ceramics","Art","USD","2013-05-24 04:48:33","3000","2013-05-10 04:48:33","4386","successful","94","US","4386"
"224","1000983983","Join me in completing my first Solo Project CD!","Pop","Music","USD","2011-09-30 22:05:00","2000","2011-08-09 23:19:09","170","failed","7","US","170"
"225","1000987760","Emotional Makayla: Mommy's Birthday Gift!","Children's Books","Publishing","USD","2017-02-19 19:10:03","3000","2017-01-05 19:10:03","91","failed","4","US","20"
"226","1000988678","Ashley's Beauty Tool Organizer Kit","Crafts","Crafts","USD","2014-08-30 00:59:00","7000","2014-08-06 21:31:52","0","failed","0","US","0"
"227","1000988864","Alaska Bug Bites, LLC - Farmers Markets Launch","Vegan","Food","USD","2017-04-01 12:10:00","2000","2017-02-22 18:32:07","2164.77","successful","52","US","525"
"228","1000992739","Quick Query - Relaunch!","Playing Cards","Games","USD","2014-08-18 19:02:26","750","2014-07-19 19:02:26","1207","successful","56","US","1207"
"229","1000997384","Quick, The Clockwork Knight Volume #2","Comics","Comics","USD","2014-06-03 07:59:00","2000","2014-04-16 05:25:22","2585","successful","105","US","2585"
"230","1001000566","WrittenWitheArt","Publishing","Publishing","USD","2014-03-05 19:00:00","1500","2014-02-04 01:30:08","1500","successful","26","US","1500"
"231","100101389","Uptown Juice Company: Local, cold-pressed goodness","Food","Food","USD","2014-04-01 08:59:00","25000","2014-02-25 00:15:17","30066","successful","161","US","30066"
"232","100101652","Objecthood: A Story of an Imagined Economy (Canceled)","Art Books","Publishing","USD","2011-08-12 18:25:00","15000","2011-07-22 00:28:16","25","canceled","1","US","25"
"233","1001019464","Strain Wars: Playing cards","Playing Cards","Games","USD","2016-07-31 11:18:43","5000","2016-07-16 11:18:43","176","failed","6","US","100"
"234","1001020080","Wood Floor Fundraiser","Dance","Dance","USD","2015-08-16 17:13:30","1200","2015-08-11 17:13:30","1205","successful","21","US","1205"
"235","100102338","Water Purification System Using Solar Evacuated Tube","Product Design","Design","USD","2016-04-28 23:36:17","150","2016-04-08 23:36:17","218","successful","15","US","218"
"236","1001028167","Steel Cathedrals- Short poems for the digital age.","Poetry","Publishing","GBP","2013-07-28 23:17:04","4000","2013-06-28 23:17:04","20","failed","1","GB","30.6621492"
"237","1001033266","The Chameleon Chronicles: Colors of Fate","Fiction","Publishing","USD","2014-12-23 05:00:00","500","2014-12-03 04:26:07","1","failed","1","US","1"
"238","1001035783","Once Were Ghosts - Ephemeral 7-Song EP","Indie Rock","Music","USD","2011-06-14 09:00:07","1000","2011-04-15 09:00:07","0","failed","0","US","0"
"239","1001042227","Via Chic–OneClutch™","Product Design","Design","USD","2015-08-14 03:47:54","75000","2015-06-30 03:47:54","1736","failed","21","US","1736"
"240","1001043181","Afraid So Galileo Album","Rock","Music","USD","2016-06-26 11:39:38","5500","2016-05-27 11:39:38","0","failed","0","US","0"
"241","1001048123","Paterson Falls Film Festival","Film & Video","Film & Video","USD","2013-05-03 03:09:07","1500","2013-04-03 03:09:07","1612","successful","27","US","1612"
"242","1001052357","Spilt Milk","Graphic Novels","Comics","AUD","2017-01-08 04:00:31","18000","2016-12-09 04:00:31","832","failed","23","AU","375.2169594"
"243","1001057158","Thailand country side","Photography","Photography","USD","2014-10-25 21:23:18","17000","2014-08-26 21:23:18","35","failed","2","US","35"
"244","1001064677","Equinox: my first comic (genre: fantasy)","Comics","Comics","USD","2011-06-04 21:36:40","5150","2011-04-25 21:36:40","5965.5","successful","97","US","5965.5"
"245","1001077166","Student Operated Fabrication Lab","Fabrication Tools","Technology","USD","2012-07-11 13:55:42","5000","2012-06-11 13:55:42","5000","successful","57","US","5000"
"246","1001086968","Nurse Mare Foals: Born to Die","Documentary","Film & Video","USD","2015-01-06 19:45:47","20000","2014-12-07 19:45:47","22421","successful","383","US","22421"
"247","1001087429","The Bird Nerd","Comedy","Film & Video","GBP","2014-07-03 16:00:20","400","2014-06-03 16:00:20","1065","successful","36","GB","1783.51031205"
"248","1001087682","Funky Grits - fast casual diner pairing music with the menu!","Restaurants","Food","USD","2015-10-01 06:59:00","100000","2015-09-03 17:32:07","1600","failed","13","US","1600"
"249","1001093391","The Great Kentucky Goblin Spree","Film & Video","Film & Video","USD","2014-03-21 20:04:07","5500","2014-02-19 21:04:07","6614","successful","88","US","6614"
"250","1001097057","Help Put Community-Building Art in Austin's Patterson Park","Public Art","Art","USD","2017-04-13 01:00:00","5000","2017-03-08 17:54:13","7259","successful","26","US","300"
"251","1001110351","Kingdoms of Erden: King of the Mountain","Tabletop Games","Games","USD","2017-07-27 15:52:31","1000","2017-06-26 15:52:31","745","canceled","52","US","316"
"252","1001115961","Made From Scratch","Restaurants","Food","USD","2015-08-31 18:33:56","25000","2015-08-01 18:33:56","0","failed","0","US","0"
"253","1001116225","Pierced Hearts Tattoo Boutique Start Up","Art","Art","USD","2015-05-13 13:40:11","5000","2015-03-14 12:40:11","0","failed","0","US","0"
"254","1001126692","Pole Diversity: A Showcase of Acrobatic Dance (Part Two)","Performances","Dance","USD","2015-09-19 02:00:00","450","2015-08-19 21:02:03","160","failed","4","US","160"
"255","1001128468","The McKenzie Project","Photography","Photography","CAD","2017-06-01 17:54:33","500","2017-04-17 17:54:33","1845","successful","30","CA","153.8176418"
"256","1001132597","A New Omni-Wheel. A mechanical innovation created for robots","Hardware","Technology","USD","2016-06-24 16:19:03","3500","2016-05-25 16:19:03","107","failed","7","US","107"
"257","1001135664","BrewStick ~ carboy ruler","Food","Food","USD","2014-03-24 21:45:11","22500","2014-02-22 22:45:11","50","failed","2","US","50"
"258","1001136944","Open Fiesta Arts Store dreaming big in San Antonio","Sculpture","Art","USD","2016-03-05 00:50:26","5000","2016-01-20 00:50:26","52","failed","4","US","52"
"259","1001137002","Opening Portals DVD","Documentary","Film & Video","GBP","2014-03-28 09:27:50","2000","2014-02-26 10:27:50","0","failed","0","GB","0"
"260","1001143049","Nutty Nations: Re-Imagining Learning Through Games","Mobile Games","Games","USD","2014-12-01 12:24:36","25000","2014-10-24 12:24:36","18431","canceled","71","US","18431"
"261","1001149306","Night Terrors: Garden of Limbo","Fiction","Publishing","USD","2014-01-05 20:23:31","350","2013-12-06 20:23:31","1067","successful","14","US","1067"
"262","100114978","Inclusive Toolkit: tools for iOS & OS X app accessibility","Software","Technology","GBP","2015-06-13 03:00:00","5500","2015-05-13 13:20:01","7157","successful","184","GB","11147.99240674"
"263","1001156528","Greek4Fun","Video Games","Games","USD","2012-05-09 15:07:15","12000","2012-04-09 15:07:15","686","failed","14","US","686"
"264","1001157858","Hood's Up Brewery","Drinks","Food","USD","2015-06-21 05:00:00","28000","2015-05-15 20:39:33","12024","failed","62","US","12024"
"265","1001159174","Fooju Dance Collaborative","Performances","Dance","USD","2014-12-21 08:02:19","1500","2014-11-21 08:02:19","1900","successful","47","US","1900"
"266","1001165113","CHRIS CRITELLI RECORDS HIS DEBUT EP!","Pop","Music","USD","2013-09-05 04:02:22","10000","2013-08-06 04:02:22","11713","successful","195","US","11713"
"267","10011702","Piero Marsili","Documentary","Film & Video","GBP","2016-08-09 17:51:08","10000","2016-06-30 17:51:08","0","failed","0","GB","0"
"268","1001181420","Sleeping in a Truck","Rock","Music","USD","2009-07-15 04:58:00","10000","2009-06-20 22:15:06","10328","successful","65","US","10328"
"269","1001188527","Design Your Own Leatherjacket","Fashion","Fashion","EUR","2016-06-14 22:04:54","2000","2016-05-29 22:04:54","2028","successful","7","DE","2254.15233888"
"270","1001190550","Sanfilippo Wing it!","Accessories","Fashion","EUR","2016-06-26 23:59:00","10000","2016-05-15 22:43:59","855","failed","25","DE","966.7593072"
"271","1001216413","Road Runner multisport smartphone carrier","Product Design","Design","EUR","2017-03-09 16:53:55","59000","2017-01-22 16:53:55","4021","failed","50","FR","917.09739067"
"272","1001217929","LEGO Imagination Lab","Animation","Film & Video","USD","2014-03-16 22:56:40","2500","2014-02-14 23:56:40","1186.69","failed","15","US","1186.69"
"273","1001218320","Arkham Source Book","Games","Games","USD","2012-08-12 05:33:44","800","2012-06-13 05:33:44","45","failed","3","US","45"
"274","1001223817","Finishing & Festival Funds - The Final Stage - short film","Shorts","Film & Video","USD","2016-09-18 02:01:00","2000","2016-08-29 22:44:12","310","failed","9","US","75"
"275","1001227372","Lonely House Films: Adam Hope","Film & Video","Film & Video","USD","2012-06-09 07:43:31","3397.98","2012-05-10 07:43:31","50","failed","1","US","50"
"276","1001228129","Adult Colour Debut Album","Rock","Music","USD","2017-06-24 22:27:33","2200","2017-05-25 22:27:33","2415","successful","52","US","355"
"277","1001230250","Open A.I.R.","Art","Art","USD","2010-07-12 22:00:00","3000","2010-05-12 21:45:14","3125","successful","55","US","3125"
"278","1001242672","At Home in Maine: A Film Series About Homebirth and Midwives","Documentary","Film & Video","USD","2011-09-15 17:35:43","10000","2011-08-01 17:35:43","1765","failed","34","US","1765"
"279","1001243185","The FUSIONproject","Documentary","Film & Video","USD","2011-04-24 01:08:46","5000","2011-03-24 00:08:46","100","failed","1","US","100"
"280","1001243867","Lego Batman: Zombie Genesis Series","Animation","Film & Video","GBP","2013-06-04 10:17:24","125","2013-05-14 10:17:24","242","successful","19","GB","371.53889256"
"281","1001244864","Digitizing My Family","Family","Film & Video","USD","2014-12-06 06:59:00","3500","2014-11-05 15:50:51","3585","successful","43","US","3585"
"282","100124630","""""Progress"""" The Steampunk Series - Season 2","Film & Video","Film & Video","USD","2015-09-05 03:19:15","40000","2015-08-06 03:19:15","733","failed","18","US","733"
"283","1001251896","Winter Writing Residency","Art","Art","USD","2012-02-15 17:59:00","1000","2012-01-28 19:07:32","1145","successful","21","US","1145"
"284","1001259618","DOME Shades: Sunglasses for Big Heads","Accessories","Fashion","USD","2015-03-31 21:13:42","10000","2015-02-25 21:13:42","3238","failed","36","US","3238"
"285","1001263250","A Portrait a Day 365 Challenge","Painting","Art","USD","2014-12-25 17:43:46","30000","2014-11-25 17:43:46","1152","failed","9","US","1152"
"286","1001265769","XPUMP | TURN ANY SOUND SOURCE INTO A HOME THEATER EXPERIENCE","Sound","Technology","USD","2016-10-21 10:00:03","25000","2016-09-06 10:00:03","227673","successful","2278","US","16679"
"287","1001270191","Complete Paine's Skatepark","Public Art","Art","USD","2013-04-03 23:01:25","10000","2013-03-14 22:01:25","11511.1","successful","177","US","11511.1"
"288","1001279854","Westward #8","Comic Books","Comics","USD","2014-07-31 18:00:00","2500","2014-06-25 17:27:43","2611","successful","75","US","2611"
"289","1001288451","Paperback & Kindle available, but get it for less here!","Fiction","Publishing","GBP","2017-07-09 02:20:24","50","2017-06-09 02:20:24","33","failed","6","GB","2.58010916"
"290","1001292387","TIBA Putt: A personal approach to improve your putting","Product Design","Design","USD","2014-05-14 04:54:04","9225","2014-04-14 04:54:04","1076","failed","32","US","1076"
"291","1001295591","Ghost Herds: Rescuing horses and horse people in Kentucky","Nonfiction","Publishing","USD","2013-02-25 03:06:59","2200","2013-01-26 03:06:59","2510","successful","31","US","2510"
"292","100130008","Gideon's Epic Forge","Sculpture","Art","USD","2014-08-30 23:40:01","550","2014-07-31 23:40:01","708","successful","23","US","708"
"293","1001302417","Survyval Breakthrough Hoodie","Apparel","Fashion","EUR","2017-07-01 11:38:07","20000","2017-05-22 11:38:07","1","failed","1","IT","0"
"294","1001302832","The Farmer, the Bean and the Holy Roast","Food","Food","USD","2013-02-21 22:58:00","3500","2013-01-22 22:58:00","1278","failed","29","US","1278"
"295","1001303993","A Jessica Rabbit Production","Music","Music","USD","2012-07-16 06:59:00","1300","2012-06-28 05:56:40","625","failed","10","US","625"
"296","1001304256","FINAL HOURS!!! Kira Kira Rainbow Unicorn Stickers!","Stationery","Crafts","AUD","2016-01-17 09:03:53","250","2016-01-02 09:03:53","1009","successful","39","AU","734.38967208"
"297","1001328623","Belleflower - A Feature Film","Narrative Film","Film & Video","USD","2014-05-28 23:32:26","2500","2014-05-07 23:32:26","3863.37","successful","42","US","3863.37"
"298","1001333672","Mutant Plants: A Guide (Canceled)","Nonfiction","Publishing","GBP","2013-08-03 11:17:47","1000","2013-07-04 11:17:47","55","canceled","6","GB","83.3424251"
"299","1001338336","MAB MINDZ AT SOUND SET 2014","Apparel","Fashion","USD","2014-05-09 06:30:00","1500","2014-04-22 02:33:09","247","failed","9","US","247"
"300","1001338443","Lei","Film & Video","Film & Video","GBP","2016-04-17 00:00:00","370","2016-03-24 18:44:13","495","successful","17","GB","703.19991555"
